Workbook

Sheet LCS Bahrain
A2: =TODAY() -> 46066 | R2: =YEAR('LCS Sasebo'!R10) -> 2026 | S2: =YEAR('LCS Sasebo'!S10) -> 2026 | T2: =YEAR('LCS Sasebo'!T10) -> 2026 | U2: =YEAR('LCS Sasebo'!U10) -> 2026 | V2: =YEAR('LCS Sasebo'!V10) -> 2026 | W2: =YEAR('LCS Sasebo'!W10) -> 2026 | X2: =YEAR('LCS Sasebo'!X10) -> 2026 | Y2: =YEAR('LCS Sasebo'!Y10) -> 2026 | ... CL2: =YEAR('LCS Sasebo'!CL10) -> 2032
A3: SHIP | B3: XO TL | C3: CO TL | D3: TOL | E3: P/L | G3: DAYS | H3: XO | J3: T.O. | L3: COC | N3: CO | P3: COC | R3: =RIGHT(YEAR('LCS Sasebo'!R10),2)+(MONTH('LCS Sasebo'!R10)>=10)&"-"&INT(1+MOD(MONTH('LCS Sasebo'!R10)-10,12)/3) -> NaN | S3: =RIGHT(YEAR('LCS Sasebo'!S10),2)+(MONTH('LCS Sasebo'!S10)>=10)&"-"&INT(1+MOD(MONTH('LCS Sasebo'!S10)-10,12)/3) -> NaN | T3: =RIGHT(YEAR('LCS Sasebo'!T10),2)+(MONTH('LCS Sasebo'!T10)>=10)&"-"&INT(1+MOD(MONTH('LCS Sasebo'!T10)-10,12)/3) -> NaN | U3: =RIGHT(YEAR('LCS Sasebo'!U10),2)+(MONTH('LCS Sasebo'!U10)>=10)&"-"&INT(1+MOD(MONTH('LCS Sasebo'!U10)-10,12)/3) -> NaN | V3: =RIGHT(YEAR('LCS Sasebo'!V10),2)+(MONTH('LCS Sasebo'!V10)>=10)&"-"&INT(1+MOD(MONTH('LCS Sasebo'!V10)-10,12)/3) -> NaN | W3: =RIGHT(YEAR('LCS Sasebo'!W10),2)+(MONTH('LCS Sasebo'!W10)>=10)&"-"&INT(1+MOD(MONTH('LCS Sasebo'!W10)-10,12)/3) -> NaN | X3: =RIGHT(YEAR('LCS Sasebo'!X10),2)+(MONTH('LCS Sasebo'!X10)>=10)&"-"&INT(1+MOD(MONTH('LCS Sasebo'!X10)-10,12)/3) -> NaN | Y3: =RIGHT(YEAR('LCS Sasebo'!Y10),2)+(MONTH('LCS Sasebo'!Y10)>=10)&"-"&INT(1+MOD(MONTH('LCS Sasebo'!Y10)-10,12)/3) -> NaN | ... CL3: =RIGHT(YEAR('LCS Sasebo'!CL10),2)+(MONTH('LCS Sasebo'!CL10)>=10)&"-"&INT(1+MOD(MONTH('LCS Sasebo'!CL10)-10,12)/3) -> NaN
A4: CHARLESTON (LCS 18) - 20156 | R4: ='LCS San Diego'!$A$2-DAY('LCS San Diego'!$A$2)+1 -> 46054 | S4: =DATE(YEAR(R4),MONTH(R4)+1,DAY(R4)) -> 46082 | T4: =DATE(YEAR(S4),MONTH(S4)+1,DAY(S4)) -> 46113 | U4: =DATE(YEAR(T4),MONTH(T4)+1,DAY(T4)) -> 46143 | V4: =DATE(YEAR(U4),MONTH(U4)+1,DAY(U4)) -> 46174 | W4: =DATE(YEAR(V4),MONTH(V4)+1,DAY(V4)) -> 46204 | X4: =DATE(YEAR(W4),MONTH(W4)+1,DAY(W4)) -> 46235 | Y4: =DATE(YEAR(X4),MONTH(X4)+1,DAY(X4)) -> 46266 | Z4: =DATE(YEAR(Y4),MONTH(Y4)+1,DAY(Y4)) -> 46296 | ... CL4: =DATE(YEAR(CK4),MONTH(CK4)+1,DAY(CK4)) -> 48245
A5: Wang, Nellie (CHS single crew CO)(COC NOV24) | B5: 16 | C5: 16 | D5: 1 | G5: =F5-E5 -> 0 | H5: 44378 | I5: =IF(H5="",0,DATE(YEAR(H5),MONTH(H5)+B5,DAY(H5))) -> 44866 | J5: =IF(I5="","",(DATE(YEAR(I5),MONTH(I5)+1,DAY(I5)))) -> 44896 | K5: =IF(J5="","",(DATE(YEAR(J5),MONTH(J5)+D5,DAY(J5)))) -> 44927 | L5: 44980 | M5: 44980 | N5: 44980 | O5: 45620 | P5: 45620 | Q5: 45620 | R5: =IF((AND($E5<='LCS San Diego'!R$4,$F5>='LCS San Diego'!R$4)),"P/L",IF((AND($H5<='LCS San Diego'!R$4,$I5>='LCS San Diego'!R$4)),"XO",IF((AND($J5<='LCS San Diego'!R$4,$K5>='LCS San Diego'!R$4)),"3",IF((AND($L5<='LCS San Diego'!R$4,$M5>='LCS San Diego'!R$4)),"C",IF((AND($N5<='LCS San Diego'!R$4,$O5>='LCS San Diego'!R$4)),"CO",IF((AND($P5<='LCS San Diego'!R$4,$Q5>='LCS San Diego'!R$4)),"C",0)))))) -> 0 | S5: =IF((AND($E5<='LCS San Diego'!S$4,$F5>='LCS San Diego'!S$4)),"P/L",IF((AND($H5<='LCS San Diego'!S$4,$I5>='LCS San Diego'!S$4)),"XO",IF((AND($J5<='LCS San Diego'!S$4,$K5>='LCS San Diego'!S$4)),"3",IF((AND($L5<='LCS San Diego'!S$4,$M5>='LCS San Diego'!S$4)),"C",IF((AND($N5<='LCS San Diego'!S$4,$O5>='LCS San Diego'!S$4)),"CO",IF((AND($P5<='LCS San Diego'!S$4,$Q5>='LCS San Diego'!S$4)),"C",0)))))) -> 0 | T5: =IF((AND($E5<='LCS San Diego'!T$4,$F5>='LCS San Diego'!T$4)),"P/L",IF((AND($H5<='LCS San Diego'!T$4,$I5>='LCS San Diego'!T$4)),"XO",IF((AND($J5<='LCS San Diego'!T$4,$K5>='LCS San Diego'!T$4)),"3",IF((AND($L5<='LCS San Diego'!T$4,$M5>='LCS San Diego'!T$4)),"C",IF((AND($N5<='LCS San Diego'!T$4,$O5>='LCS San Diego'!T$4)),"CO",IF((AND($P5<='LCS San Diego'!T$4,$Q5>='LCS San Diego'!T$4)),"C",0)))))) -> 0 | U5: =IF((AND($E5<='LCS San Diego'!U$4,$F5>='LCS San Diego'!U$4)),"P/L",IF((AND($H5<='LCS San Diego'!U$4,$I5>='LCS San Diego'!U$4)),"XO",IF((AND($J5<='LCS San Diego'!U$4,$K5>='LCS San Diego'!U$4)),"3",IF((AND($L5<='LCS San Diego'!U$4,$M5>='LCS San Diego'!U$4)),"C",IF((AND($N5<='LCS San Diego'!U$4,$O5>='LCS San Diego'!U$4)),"CO",IF((AND($P5<='LCS San Diego'!U$4,$Q5>='LCS San Diego'!U$4)),"C",0)))))) -> 0 | V5: =IF((AND($E5<='LCS San Diego'!V$4,$F5>='LCS San Diego'!V$4)),"P/L",IF((AND($H5<='LCS San Diego'!V$4,$I5>='LCS San Diego'!V$4)),"XO",IF((AND($J5<='LCS San Diego'!V$4,$K5>='LCS San Diego'!V$4)),"3",IF((AND($L5<='LCS San Diego'!V$4,$M5>='LCS San Diego'!V$4)),"C",IF((AND($N5<='LCS San Diego'!V$4,$O5>='LCS San Diego'!V$4)),"CO",IF((AND($P5<='LCS San Diego'!V$4,$Q5>='LCS San Diego'!V$4)),"C",0)))))) -> 0 | W5: =IF((AND($E5<='LCS San Diego'!W$4,$F5>='LCS San Diego'!W$4)),"P/L",IF((AND($H5<='LCS San Diego'!W$4,$I5>='LCS San Diego'!W$4)),"XO",IF((AND($J5<='LCS San Diego'!W$4,$K5>='LCS San Diego'!W$4)),"3",IF((AND($L5<='LCS San Diego'!W$4,$M5>='LCS San Diego'!W$4)),"C",IF((AND($N5<='LCS San Diego'!W$4,$O5>='LCS San Diego'!W$4)),"CO",IF((AND($P5<='LCS San Diego'!W$4,$Q5>='LCS San Diego'!W$4)),"C",0)))))) -> 0 | X5: =IF((AND($E5<='LCS San Diego'!X$4,$F5>='LCS San Diego'!X$4)),"P/L",IF((AND($H5<='LCS San Diego'!X$4,$I5>='LCS San Diego'!X$4)),"XO",IF((AND($J5<='LCS San Diego'!X$4,$K5>='LCS San Diego'!X$4)),"3",IF((AND($L5<='LCS San Diego'!X$4,$M5>='LCS San Diego'!X$4)),"C",IF((AND($N5<='LCS San Diego'!X$4,$O5>='LCS San Diego'!X$4)),"CO",IF((AND($P5<='LCS San Diego'!X$4,$Q5>='LCS San Diego'!X$4)),"C",0)))))) -> 0 | Y5: =IF((AND($E5<='LCS San Diego'!Y$4,$F5>='LCS San Diego'!Y$4)),"P/L",IF((AND($H5<='LCS San Diego'!Y$4,$I5>='LCS San Diego'!Y$4)),"XO",IF((AND($J5<='LCS San Diego'!Y$4,$K5>='LCS San Diego'!Y$4)),"3",IF((AND($L5<='LCS San Diego'!Y$4,$M5>='LCS San Diego'!Y$4)),"C",IF((AND($N5<='LCS San Diego'!Y$4,$O5>='LCS San Diego'!Y$4)),"CO",IF((AND($P5<='LCS San Diego'!Y$4,$Q5>='LCS San Diego'!Y$4)),"C",0)))))) -> 0 | ... CL5: =IF((AND($E5<='LCS San Diego'!CL$4,$F5>='LCS San Diego'!CL$4)),"P/L",IF((AND($H5<='LCS San Diego'!CL$4,$I5>='LCS San Diego'!CL$4)),"XO",IF((AND($J5<='LCS San Diego'!CL$4,$K5>='LCS San Diego'!CL$4)),"3",IF((AND($L5<='LCS San Diego'!CL$4,$M5>='LCS San Diego'!CL$4)),"C",IF((AND($N5<='LCS San Diego'!CL$4,$O5>='LCS San Diego'!CL$4)),"CO",IF((AND($P5<='LCS San Diego'!CL$4,$Q5>='LCS San Diego'!CL$4)),"C",0)))))) -> 0
A6: Gray, Meghan (XO/CO) (CHS single crew XO/CO) | B6: 17 | C6: 16 | D6: 1 | G6: =F6-E6 -> 0 | H6: 44887 | I6: =IF(H6="",0,DATE(YEAR(H6),MONTH(H6)+B6,DAY(H6))) -> 45404 | J6: =IF(I6="","",(DATE(YEAR(I6),MONTH(I6)+1,DAY(I6)))) -> 45434 | K6: =IF(J6="","",(DATE(YEAR(J6),MONTH(J6)+D6,DAY(J6)))) -> 45465 | L6: 45620 | M6: =IF(N6="","",DATE(YEAR(L6),MONTH(L6),DAY(L6))) -> 45620 | N6: 45620 | O6: 46168 | P6: 46168 | Q6: =IF(O6="","",DATE(YEAR(P6),MONTH(P6),DAY(P6))) -> 46168 | R6: =IF((AND($E6<='LCS San Diego'!R$4,$F6>='LCS San Diego'!R$4)),"P/L",IF((AND($H6<='LCS San Diego'!R$4,$I6>='LCS San Diego'!R$4)),"XO",IF((AND($J6<='LCS San Diego'!R$4,$K6>='LCS San Diego'!R$4)),"3",IF((AND($L6<='LCS San Diego'!R$4,$M6>='LCS San Diego'!R$4)),"C",IF((AND($N6<='LCS San Diego'!R$4,$O6>='LCS San Diego'!R$4)),"CO",IF((AND($P6<='LCS San Diego'!R$4,$Q6>='LCS San Diego'!R$4)),"C",0)))))) -> CO | S6: =IF((AND($E6<='LCS San Diego'!S$4,$F6>='LCS San Diego'!S$4)),"P/L",IF((AND($H6<='LCS San Diego'!S$4,$I6>='LCS San Diego'!S$4)),"XO",IF((AND($J6<='LCS San Diego'!S$4,$K6>='LCS San Diego'!S$4)),"3",IF((AND($L6<='LCS San Diego'!S$4,$M6>='LCS San Diego'!S$4)),"C",IF((AND($N6<='LCS San Diego'!S$4,$O6>='LCS San Diego'!S$4)),"CO",IF((AND($P6<='LCS San Diego'!S$4,$Q6>='LCS San Diego'!S$4)),"C",0)))))) -> CO | T6: =IF((AND($E6<='LCS San Diego'!T$4,$F6>='LCS San Diego'!T$4)),"P/L",IF((AND($H6<='LCS San Diego'!T$4,$I6>='LCS San Diego'!T$4)),"XO",IF((AND($J6<='LCS San Diego'!T$4,$K6>='LCS San Diego'!T$4)),"3",IF((AND($L6<='LCS San Diego'!T$4,$M6>='LCS San Diego'!T$4)),"C",IF((AND($N6<='LCS San Diego'!T$4,$O6>='LCS San Diego'!T$4)),"CO",IF((AND($P6<='LCS San Diego'!T$4,$Q6>='LCS San Diego'!T$4)),"C",0)))))) -> CO | U6: =IF((AND($E6<='LCS San Diego'!U$4,$F6>='LCS San Diego'!U$4)),"P/L",IF((AND($H6<='LCS San Diego'!U$4,$I6>='LCS San Diego'!U$4)),"XO",IF((AND($J6<='LCS San Diego'!U$4,$K6>='LCS San Diego'!U$4)),"3",IF((AND($L6<='LCS San Diego'!U$4,$M6>='LCS San Diego'!U$4)),"C",IF((AND($N6<='LCS San Diego'!U$4,$O6>='LCS San Diego'!U$4)),"CO",IF((AND($P6<='LCS San Diego'!U$4,$Q6>='LCS San Diego'!U$4)),"C",0)))))) -> CO | V6: =IF((AND($E6<='LCS San Diego'!V$4,$F6>='LCS San Diego'!V$4)),"P/L",IF((AND($H6<='LCS San Diego'!V$4,$I6>='LCS San Diego'!V$4)),"XO",IF((AND($J6<='LCS San Diego'!V$4,$K6>='LCS San Diego'!V$4)),"3",IF((AND($L6<='LCS San Diego'!V$4,$M6>='LCS San Diego'!V$4)),"C",IF((AND($N6<='LCS San Diego'!V$4,$O6>='LCS San Diego'!V$4)),"CO",IF((AND($P6<='LCS San Diego'!V$4,$Q6>='LCS San Diego'!V$4)),"C",0)))))) -> 0 | W6: =IF((AND($E6<='LCS San Diego'!W$4,$F6>='LCS San Diego'!W$4)),"P/L",IF((AND($H6<='LCS San Diego'!W$4,$I6>='LCS San Diego'!W$4)),"XO",IF((AND($J6<='LCS San Diego'!W$4,$K6>='LCS San Diego'!W$4)),"3",IF((AND($L6<='LCS San Diego'!W$4,$M6>='LCS San Diego'!W$4)),"C",IF((AND($N6<='LCS San Diego'!W$4,$O6>='LCS San Diego'!W$4)),"CO",IF((AND($P6<='LCS San Diego'!W$4,$Q6>='LCS San Diego'!W$4)),"C",0)))))) -> 0 | X6: =IF((AND($E6<='LCS San Diego'!X$4,$F6>='LCS San Diego'!X$4)),"P/L",IF((AND($H6<='LCS San Diego'!X$4,$I6>='LCS San Diego'!X$4)),"XO",IF((AND($J6<='LCS San Diego'!X$4,$K6>='LCS San Diego'!X$4)),"3",IF((AND($L6<='LCS San Diego'!X$4,$M6>='LCS San Diego'!X$4)),"C",IF((AND($N6<='LCS San Diego'!X$4,$O6>='LCS San Diego'!X$4)),"CO",IF((AND($P6<='LCS San Diego'!X$4,$Q6>='LCS San Diego'!X$4)),"C",0)))))) -> 0 | Y6: =IF((AND($E6<='LCS San Diego'!Y$4,$F6>='LCS San Diego'!Y$4)),"P/L",IF((AND($H6<='LCS San Diego'!Y$4,$I6>='LCS San Diego'!Y$4)),"XO",IF((AND($J6<='LCS San Diego'!Y$4,$K6>='LCS San Diego'!Y$4)),"3",IF((AND($L6<='LCS San Diego'!Y$4,$M6>='LCS San Diego'!Y$4)),"C",IF((AND($N6<='LCS San Diego'!Y$4,$O6>='LCS San Diego'!Y$4)),"CO",IF((AND($P6<='LCS San Diego'!Y$4,$Q6>='LCS San Diego'!Y$4)),"C",0)))))) -> 0 | ... CL6: =IF((AND($E6<='LCS San Diego'!CL$4,$F6>='LCS San Diego'!CL$4)),"P/L",IF((AND($H6<='LCS San Diego'!CL$4,$I6>='LCS San Diego'!CL$4)),"XO",IF((AND($J6<='LCS San Diego'!CL$4,$K6>='LCS San Diego'!CL$4)),"3",IF((AND($L6<='LCS San Diego'!CL$4,$M6>='LCS San Diego'!CL$4)),"C",IF((AND($N6<='LCS San Diego'!CL$4,$O6>='LCS San Diego'!CL$4)),"CO",IF((AND($P6<='LCS San Diego'!CL$4,$Q6>='LCS San Diego'!CL$4)),"C",0)))))) -> 0
A7: Hooge, Daniel (XO/CO) (CHS single crew PXO)(SEP24) | B7: 17 | C7: 16 | D7: 1 | G7: =F7-E7 -> 0 | H7: 45559 | I7: =IF(H7="",0,DATE(YEAR(H7),MONTH(H7)+B7,DAY(H7))) -> 46077 | J7: =IF(I7="","",(DATE(YEAR(I7),MONTH(I7)+1,DAY(I7)))) -> 46105 | K7: =IF(J7="","",(DATE(YEAR(J7),MONTH(J7)+D7,DAY(J7)))) -> 46136 | L7: =IF(N7="","",DATE(YEAR(N7), MONTH(N7)-1,DAY(N7))) -> 46166 | M7: =IF(N7="","",DATE(YEAR(L7),MONTH(L7),DAY(L7))) -> 46166 | N7: =IF(K7="","",(DATE(YEAR(K7),MONTH(K7)+2,DAY(K7)))) -> 46197 | O7: =IF(N7="","",(DATE(YEAR(N7),MONTH(N7)+C7,DAY(N7)))) -> 46684 | P7: =IF(O7="","",DATE(YEAR(O7), MONTH(O7)+1,DAY(O7))) -> 46715 | Q7: =IF(O7="","",DATE(YEAR(P7),MONTH(P7),DAY(P7))) -> 46715 | R7: =IF((AND($E7<='LCS San Diego'!R$4,$F7>='LCS San Diego'!R$4)),"P/L",IF((AND($H7<='LCS San Diego'!R$4,$I7>='LCS San Diego'!R$4)),"XO",IF((AND($J7<='LCS San Diego'!R$4,$K7>='LCS San Diego'!R$4)),"3",IF((AND($L7<='LCS San Diego'!R$4,$M7>='LCS San Diego'!R$4)),"C",IF((AND($N7<='LCS San Diego'!R$4,$O7>='LCS San Diego'!R$4)),"CO",IF((AND($P7<='LCS San Diego'!R$4,$Q7>='LCS San Diego'!R$4)),"C",0)))))) -> XO | S7: =IF((AND($E7<='LCS San Diego'!S$4,$F7>='LCS San Diego'!S$4)),"P/L",IF((AND($H7<='LCS San Diego'!S$4,$I7>='LCS San Diego'!S$4)),"XO",IF((AND($J7<='LCS San Diego'!S$4,$K7>='LCS San Diego'!S$4)),"3",IF((AND($L7<='LCS San Diego'!S$4,$M7>='LCS San Diego'!S$4)),"C",IF((AND($N7<='LCS San Diego'!S$4,$O7>='LCS San Diego'!S$4)),"CO",IF((AND($P7<='LCS San Diego'!S$4,$Q7>='LCS San Diego'!S$4)),"C",0)))))) -> 0 | T7: =IF((AND($E7<='LCS San Diego'!T$4,$F7>='LCS San Diego'!T$4)),"P/L",IF((AND($H7<='LCS San Diego'!T$4,$I7>='LCS San Diego'!T$4)),"XO",IF((AND($J7<='LCS San Diego'!T$4,$K7>='LCS San Diego'!T$4)),"3",IF((AND($L7<='LCS San Diego'!T$4,$M7>='LCS San Diego'!T$4)),"C",IF((AND($N7<='LCS San Diego'!T$4,$O7>='LCS San Diego'!T$4)),"CO",IF((AND($P7<='LCS San Diego'!T$4,$Q7>='LCS San Diego'!T$4)),"C",0)))))) -> 3 | U7: =IF((AND($E7<='LCS San Diego'!U$4,$F7>='LCS San Diego'!U$4)),"P/L",IF((AND($H7<='LCS San Diego'!U$4,$I7>='LCS San Diego'!U$4)),"XO",IF((AND($J7<='LCS San Diego'!U$4,$K7>='LCS San Diego'!U$4)),"3",IF((AND($L7<='LCS San Diego'!U$4,$M7>='LCS San Diego'!U$4)),"C",IF((AND($N7<='LCS San Diego'!U$4,$O7>='LCS San Diego'!U$4)),"CO",IF((AND($P7<='LCS San Diego'!U$4,$Q7>='LCS San Diego'!U$4)),"C",0)))))) -> 0 | V7: =IF((AND($E7<='LCS San Diego'!V$4,$F7>='LCS San Diego'!V$4)),"P/L",IF((AND($H7<='LCS San Diego'!V$4,$I7>='LCS San Diego'!V$4)),"XO",IF((AND($J7<='LCS San Diego'!V$4,$K7>='LCS San Diego'!V$4)),"3",IF((AND($L7<='LCS San Diego'!V$4,$M7>='LCS San Diego'!V$4)),"C",IF((AND($N7<='LCS San Diego'!V$4,$O7>='LCS San Diego'!V$4)),"CO",IF((AND($P7<='LCS San Diego'!V$4,$Q7>='LCS San Diego'!V$4)),"C",0)))))) -> 0 | W7: =IF((AND($E7<='LCS San Diego'!W$4,$F7>='LCS San Diego'!W$4)),"P/L",IF((AND($H7<='LCS San Diego'!W$4,$I7>='LCS San Diego'!W$4)),"XO",IF((AND($J7<='LCS San Diego'!W$4,$K7>='LCS San Diego'!W$4)),"3",IF((AND($L7<='LCS San Diego'!W$4,$M7>='LCS San Diego'!W$4)),"C",IF((AND($N7<='LCS San Diego'!W$4,$O7>='LCS San Diego'!W$4)),"CO",IF((AND($P7<='LCS San Diego'!W$4,$Q7>='LCS San Diego'!W$4)),"C",0)))))) -> CO | X7: =IF((AND($E7<='LCS San Diego'!X$4,$F7>='LCS San Diego'!X$4)),"P/L",IF((AND($H7<='LCS San Diego'!X$4,$I7>='LCS San Diego'!X$4)),"XO",IF((AND($J7<='LCS San Diego'!X$4,$K7>='LCS San Diego'!X$4)),"3",IF((AND($L7<='LCS San Diego'!X$4,$M7>='LCS San Diego'!X$4)),"C",IF((AND($N7<='LCS San Diego'!X$4,$O7>='LCS San Diego'!X$4)),"CO",IF((AND($P7<='LCS San Diego'!X$4,$Q7>='LCS San Diego'!X$4)),"C",0)))))) -> CO | Y7: =IF((AND($E7<='LCS San Diego'!Y$4,$F7>='LCS San Diego'!Y$4)),"P/L",IF((AND($H7<='LCS San Diego'!Y$4,$I7>='LCS San Diego'!Y$4)),"XO",IF((AND($J7<='LCS San Diego'!Y$4,$K7>='LCS San Diego'!Y$4)),"3",IF((AND($L7<='LCS San Diego'!Y$4,$M7>='LCS San Diego'!Y$4)),"C",IF((AND($N7<='LCS San Diego'!Y$4,$O7>='LCS San Diego'!Y$4)),"CO",IF((AND($P7<='LCS San Diego'!Y$4,$Q7>='LCS San Diego'!Y$4)),"C",0)))))) -> CO | ... CL7: =IF((AND($E7<='LCS San Diego'!CL$4,$F7>='LCS San Diego'!CL$4)),"P/L",IF((AND($H7<='LCS San Diego'!CL$4,$I7>='LCS San Diego'!CL$4)),"XO",IF((AND($J7<='LCS San Diego'!CL$4,$K7>='LCS San Diego'!CL$4)),"3",IF((AND($L7<='LCS San Diego'!CL$4,$M7>='LCS San Diego'!CL$4)),"C",IF((AND($N7<='LCS San Diego'!CL$4,$O7>='LCS San Diego'!CL$4)),"CO",IF((AND($P7<='LCS San Diego'!CL$4,$Q7>='LCS San Diego'!CL$4)),"C",0)))))) -> 0
A8: Bradford Jordan | B8: 9 | C8: 16 | D8: 1 | G8: =F8-E8 -> 0 | H8: 46138 | I8: =IF(H8="",0,DATE(YEAR(H8),MONTH(H8)+B8,DAY(H8))) -> 46413 | J8: =IF(I8="","",(DATE(YEAR(I8),MONTH(I8)+1,DAY(I8)))) -> 46444 | K8: =IF(J8="","",(DATE(YEAR(J8),MONTH(J8)+D8,DAY(J8)))) -> 46472 | L8: =IF(N8="","",DATE(YEAR(N8), MONTH(N8)-1,DAY(N8))) -> 46503 | M8: =IF(N8="","",DATE(YEAR(L8),MONTH(L8),DAY(L8))) -> 46503 | N8: =IF(K8="","",(DATE(YEAR(K8),MONTH(K8)+2,DAY(K8)))) -> 46533 | O8: =IF(N8="","",(DATE(YEAR(N8),MONTH(N8)+C8,DAY(N8)))) -> 47022 | P8: =IF(O8="","",DATE(YEAR(O8), MONTH(O8)+1,DAY(O8))) -> 47052 | Q8: =IF(O8="","",DATE(YEAR(P8),MONTH(P8),DAY(P8))) -> 47052 | R8: =IF((AND($E8<='LCS San Diego'!R$4,$F8>='LCS San Diego'!R$4)),"P/L",IF((AND($H8<='LCS San Diego'!R$4,$I8>='LCS San Diego'!R$4)),"XO",IF((AND($J8<='LCS San Diego'!R$4,$K8>='LCS San Diego'!R$4)),"3",IF((AND($L8<='LCS San Diego'!R$4,$M8>='LCS San Diego'!R$4)),"C",IF((AND($N8<='LCS San Diego'!R$4,$O8>='LCS San Diego'!R$4)),"CO",IF((AND($P8<='LCS San Diego'!R$4,$Q8>='LCS San Diego'!R$4)),"C",0)))))) -> 0 | S8: =IF((AND($E8<='LCS San Diego'!S$4,$F8>='LCS San Diego'!S$4)),"P/L",IF((AND($H8<='LCS San Diego'!S$4,$I8>='LCS San Diego'!S$4)),"XO",IF((AND($J8<='LCS San Diego'!S$4,$K8>='LCS San Diego'!S$4)),"3",IF((AND($L8<='LCS San Diego'!S$4,$M8>='LCS San Diego'!S$4)),"C",IF((AND($N8<='LCS San Diego'!S$4,$O8>='LCS San Diego'!S$4)),"CO",IF((AND($P8<='LCS San Diego'!S$4,$Q8>='LCS San Diego'!S$4)),"C",0)))))) -> 0 | T8: =IF((AND($E8<='LCS San Diego'!T$4,$F8>='LCS San Diego'!T$4)),"P/L",IF((AND($H8<='LCS San Diego'!T$4,$I8>='LCS San Diego'!T$4)),"XO",IF((AND($J8<='LCS San Diego'!T$4,$K8>='LCS San Diego'!T$4)),"3",IF((AND($L8<='LCS San Diego'!T$4,$M8>='LCS San Diego'!T$4)),"C",IF((AND($N8<='LCS San Diego'!T$4,$O8>='LCS San Diego'!T$4)),"CO",IF((AND($P8<='LCS San Diego'!T$4,$Q8>='LCS San Diego'!T$4)),"C",0)))))) -> 0 | U8: =IF((AND($E8<='LCS San Diego'!U$4,$F8>='LCS San Diego'!U$4)),"P/L",IF((AND($H8<='LCS San Diego'!U$4,$I8>='LCS San Diego'!U$4)),"XO",IF((AND($J8<='LCS San Diego'!U$4,$K8>='LCS San Diego'!U$4)),"3",IF((AND($L8<='LCS San Diego'!U$4,$M8>='LCS San Diego'!U$4)),"C",IF((AND($N8<='LCS San Diego'!U$4,$O8>='LCS San Diego'!U$4)),"CO",IF((AND($P8<='LCS San Diego'!U$4,$Q8>='LCS San Diego'!U$4)),"C",0)))))) -> XO | V8: =IF((AND($E8<='LCS San Diego'!V$4,$F8>='LCS San Diego'!V$4)),"P/L",IF((AND($H8<='LCS San Diego'!V$4,$I8>='LCS San Diego'!V$4)),"XO",IF((AND($J8<='LCS San Diego'!V$4,$K8>='LCS San Diego'!V$4)),"3",IF((AND($L8<='LCS San Diego'!V$4,$M8>='LCS San Diego'!V$4)),"C",IF((AND($N8<='LCS San Diego'!V$4,$O8>='LCS San Diego'!V$4)),"CO",IF((AND($P8<='LCS San Diego'!V$4,$Q8>='LCS San Diego'!V$4)),"C",0)))))) -> XO | W8: =IF((AND($E8<='LCS San Diego'!W$4,$F8>='LCS San Diego'!W$4)),"P/L",IF((AND($H8<='LCS San Diego'!W$4,$I8>='LCS San Diego'!W$4)),"XO",IF((AND($J8<='LCS San Diego'!W$4,$K8>='LCS San Diego'!W$4)),"3",IF((AND($L8<='LCS San Diego'!W$4,$M8>='LCS San Diego'!W$4)),"C",IF((AND($N8<='LCS San Diego'!W$4,$O8>='LCS San Diego'!W$4)),"CO",IF((AND($P8<='LCS San Diego'!W$4,$Q8>='LCS San Diego'!W$4)),"C",0)))))) -> XO | X8: =IF((AND($E8<='LCS San Diego'!X$4,$F8>='LCS San Diego'!X$4)),"P/L",IF((AND($H8<='LCS San Diego'!X$4,$I8>='LCS San Diego'!X$4)),"XO",IF((AND($J8<='LCS San Diego'!X$4,$K8>='LCS San Diego'!X$4)),"3",IF((AND($L8<='LCS San Diego'!X$4,$M8>='LCS San Diego'!X$4)),"C",IF((AND($N8<='LCS San Diego'!X$4,$O8>='LCS San Diego'!X$4)),"CO",IF((AND($P8<='LCS San Diego'!X$4,$Q8>='LCS San Diego'!X$4)),"C",0)))))) -> XO | Y8: =IF((AND($E8<='LCS San Diego'!Y$4,$F8>='LCS San Diego'!Y$4)),"P/L",IF((AND($H8<='LCS San Diego'!Y$4,$I8>='LCS San Diego'!Y$4)),"XO",IF((AND($J8<='LCS San Diego'!Y$4,$K8>='LCS San Diego'!Y$4)),"3",IF((AND($L8<='LCS San Diego'!Y$4,$M8>='LCS San Diego'!Y$4)),"C",IF((AND($N8<='LCS San Diego'!Y$4,$O8>='LCS San Diego'!Y$4)),"CO",IF((AND($P8<='LCS San Diego'!Y$4,$Q8>='LCS San Diego'!Y$4)),"C",0)))))) -> XO | ... CL8: =IF((AND($E8<='LCS San Diego'!CL$4,$F8>='LCS San Diego'!CL$4)),"P/L",IF((AND($H8<='LCS San Diego'!CL$4,$I8>='LCS San Diego'!CL$4)),"XO",IF((AND($J8<='LCS San Diego'!CL$4,$K8>='LCS San Diego'!CL$4)),"3",IF((AND($L8<='LCS San Diego'!CL$4,$M8>='LCS San Diego'!CL$4)),"C",IF((AND($N8<='LCS San Diego'!CL$4,$O8>='LCS San Diego'!CL$4)),"CO",IF((AND($P8<='LCS San Diego'!CL$4,$Q8>='LCS San Diego'!CL$4)),"C",0)))))) -> 0
A9: 26-2 | B9: 17 | C9: 16 | H9: 46414 | I9: =IF(H9="",0,DATE(YEAR(H9),MONTH(H9)+B9,DAY(H9))) -> 46931 | J9: =IF(I9="","",(DATE(YEAR(I9),MONTH(I9)+1,DAY(I9)))) -> 46961 | K9: =IF(J9="","",(DATE(YEAR(J9),MONTH(J9)+D9,DAY(J9)))) -> 46961 | L9: =IF(N9="","",DATE(YEAR(N9), MONTH(N9)-1,DAY(N9))) -> 46992 | M9: =IF(N9="","",DATE(YEAR(L9),MONTH(L9),DAY(L9))) -> 46992 | N9: =IF(K9="","",(DATE(YEAR(K9),MONTH(K9)+2,DAY(K9)))) -> 47023 | O9: =IF(N9="","",(DATE(YEAR(N9),MONTH(N9)+C9,DAY(N9)))) -> 47510 | P9: =IF(O9="","",DATE(YEAR(O9), MONTH(O9)+1,DAY(O9))) -> 47541 | Q9: =IF(O9="","",DATE(YEAR(P9),MONTH(P9),DAY(P9))) -> 47541
A10: TULSA (LCS 16) BLUE (CREW 215) - 41061 | R10: ='LCS San Diego'!$A$2-DAY('LCS San Diego'!$A$2)+1 -> 46054 | S10: =DATE(YEAR(R10),MONTH(R10)+1,DAY(R10)) -> 46082 | T10: =DATE(YEAR(S10),MONTH(S10)+1,DAY(S10)) -> 46113 | U10: =DATE(YEAR(T10),MONTH(T10)+1,DAY(T10)) -> 46143 | V10: =DATE(YEAR(U10),MONTH(U10)+1,DAY(U10)) -> 46174 | W10: =DATE(YEAR(V10),MONTH(V10)+1,DAY(V10)) -> 46204 | X10: =DATE(YEAR(W10),MONTH(W10)+1,DAY(W10)) -> 46235 | Y10: =DATE(YEAR(X10),MONTH(X10)+1,DAY(X10)) -> 46266 | Z10: =DATE(YEAR(Y10),MONTH(Y10)+1,DAY(Y10)) -> 46296 | ... CL10: =DATE(YEAR(CK10),MONTH(CK10)+1,DAY(CK10)) -> 48245
A11: Greenlees, Drew | B11: 15 | C11: 17 | D11: 1 | G11: =F11-E11 -> 0 | H11: 44136 | I11: 44764 | J11: =IF(I11="","",(DATE(YEAR(I11),MONTH(I11)+1,DAY(I11)))) -> 44795 | K11: 44795 | L11: =IF(N11="","",DATE(YEAR(N11), MONTH(N11)-1,DAY(N11))) -> 44826 | M11: =IF(N11="","",DATE(YEAR(L11),MONTH(L11),DAY(L11))) -> 44826 | N11: =IF(K11="","",(DATE(YEAR(K11),MONTH(K11)+2,DAY(K11)))) -> 44856 | O11: =IF(N11="","",(DATE(YEAR(N11),MONTH(N11)+C11,DAY(N11)))) -> 45373 | P11: 45375 | Q11: =IF(O11="","",DATE(YEAR(P11),MONTH(P11),DAY(P11))) -> 45375 | R11: =IF((AND($E11<='LCS San Diego'!R$4,$F11>='LCS San Diego'!R$4)),"P/L",IF((AND($H11<='LCS San Diego'!R$4,$I11>='LCS San Diego'!R$4)),"XO",IF((AND($J11<='LCS San Diego'!R$4,$K11>='LCS San Diego'!R$4)),"3",IF((AND($L11<='LCS San Diego'!R$4,$M11>='LCS San Diego'!R$4)),"C",IF((AND($N11<='LCS San Diego'!R$4,$O11>='LCS San Diego'!R$4)),"CO",IF((AND($P11<='LCS San Diego'!R$4,$Q11>='LCS San Diego'!R$4)),"C",0)))))) -> 0 | S11: =IF((AND($E11<='LCS San Diego'!S$4,$F11>='LCS San Diego'!S$4)),"P/L",IF((AND($H11<='LCS San Diego'!S$4,$I11>='LCS San Diego'!S$4)),"XO",IF((AND($J11<='LCS San Diego'!S$4,$K11>='LCS San Diego'!S$4)),"3",IF((AND($L11<='LCS San Diego'!S$4,$M11>='LCS San Diego'!S$4)),"C",IF((AND($N11<='LCS San Diego'!S$4,$O11>='LCS San Diego'!S$4)),"CO",IF((AND($P11<='LCS San Diego'!S$4,$Q11>='LCS San Diego'!S$4)),"C",0)))))) -> 0 | T11: =IF((AND($E11<='LCS San Diego'!T$4,$F11>='LCS San Diego'!T$4)),"P/L",IF((AND($H11<='LCS San Diego'!T$4,$I11>='LCS San Diego'!T$4)),"XO",IF((AND($J11<='LCS San Diego'!T$4,$K11>='LCS San Diego'!T$4)),"3",IF((AND($L11<='LCS San Diego'!T$4,$M11>='LCS San Diego'!T$4)),"C",IF((AND($N11<='LCS San Diego'!T$4,$O11>='LCS San Diego'!T$4)),"CO",IF((AND($P11<='LCS San Diego'!T$4,$Q11>='LCS San Diego'!T$4)),"C",0)))))) -> 0 | U11: =IF((AND($E11<='LCS San Diego'!U$4,$F11>='LCS San Diego'!U$4)),"P/L",IF((AND($H11<='LCS San Diego'!U$4,$I11>='LCS San Diego'!U$4)),"XO",IF((AND($J11<='LCS San Diego'!U$4,$K11>='LCS San Diego'!U$4)),"3",IF((AND($L11<='LCS San Diego'!U$4,$M11>='LCS San Diego'!U$4)),"C",IF((AND($N11<='LCS San Diego'!U$4,$O11>='LCS San Diego'!U$4)),"CO",IF((AND($P11<='LCS San Diego'!U$4,$Q11>='LCS San Diego'!U$4)),"C",0)))))) -> 0 | V11: =IF((AND($E11<='LCS San Diego'!V$4,$F11>='LCS San Diego'!V$4)),"P/L",IF((AND($H11<='LCS San Diego'!V$4,$I11>='LCS San Diego'!V$4)),"XO",IF((AND($J11<='LCS San Diego'!V$4,$K11>='LCS San Diego'!V$4)),"3",IF((AND($L11<='LCS San Diego'!V$4,$M11>='LCS San Diego'!V$4)),"C",IF((AND($N11<='LCS San Diego'!V$4,$O11>='LCS San Diego'!V$4)),"CO",IF((AND($P11<='LCS San Diego'!V$4,$Q11>='LCS San Diego'!V$4)),"C",0)))))) -> 0 | W11: =IF((AND($E11<='LCS San Diego'!W$4,$F11>='LCS San Diego'!W$4)),"P/L",IF((AND($H11<='LCS San Diego'!W$4,$I11>='LCS San Diego'!W$4)),"XO",IF((AND($J11<='LCS San Diego'!W$4,$K11>='LCS San Diego'!W$4)),"3",IF((AND($L11<='LCS San Diego'!W$4,$M11>='LCS San Diego'!W$4)),"C",IF((AND($N11<='LCS San Diego'!W$4,$O11>='LCS San Diego'!W$4)),"CO",IF((AND($P11<='LCS San Diego'!W$4,$Q11>='LCS San Diego'!W$4)),"C",0)))))) -> 0 | X11: =IF((AND($E11<='LCS San Diego'!X$4,$F11>='LCS San Diego'!X$4)),"P/L",IF((AND($H11<='LCS San Diego'!X$4,$I11>='LCS San Diego'!X$4)),"XO",IF((AND($J11<='LCS San Diego'!X$4,$K11>='LCS San Diego'!X$4)),"3",IF((AND($L11<='LCS San Diego'!X$4,$M11>='LCS San Diego'!X$4)),"C",IF((AND($N11<='LCS San Diego'!X$4,$O11>='LCS San Diego'!X$4)),"CO",IF((AND($P11<='LCS San Diego'!X$4,$Q11>='LCS San Diego'!X$4)),"C",0)))))) -> 0 | Y11: =IF((AND($E11<='LCS San Diego'!Y$4,$F11>='LCS San Diego'!Y$4)),"P/L",IF((AND($H11<='LCS San Diego'!Y$4,$I11>='LCS San Diego'!Y$4)),"XO",IF((AND($J11<='LCS San Diego'!Y$4,$K11>='LCS San Diego'!Y$4)),"3",IF((AND($L11<='LCS San Diego'!Y$4,$M11>='LCS San Diego'!Y$4)),"C",IF((AND($N11<='LCS San Diego'!Y$4,$O11>='LCS San Diego'!Y$4)),"CO",IF((AND($P11<='LCS San Diego'!Y$4,$Q11>='LCS San Diego'!Y$4)),"C",0)))))) -> 0 | ... CL11: =IF((AND($E11<='LCS San Diego'!CL$4,$F11>='LCS San Diego'!CL$4)),"P/L",IF((AND($H11<='LCS San Diego'!CL$4,$I11>='LCS San Diego'!CL$4)),"XO",IF((AND($J11<='LCS San Diego'!CL$4,$K11>='LCS San Diego'!CL$4)),"3",IF((AND($L11<='LCS San Diego'!CL$4,$M11>='LCS San Diego'!CL$4)),"C",IF((AND($N11<='LCS San Diego'!CL$4,$O11>='LCS San Diego'!CL$4)),"CO",IF((AND($P11<='LCS San Diego'!CL$4,$Q11>='LCS San Diego'!CL$4)),"C",0)))))) -> 0
A12: Moyer, Kyle (XO/CO) | B12: 15 | C12: 16 | D12: 1 | G12: =F12-E12 -> 0 | H12: 45346 | I12: =IF(H12="",0,DATE(YEAR(H12),MONTH(H12)+B12,DAY(H12))) -> 45801 | J12: =IF(I12="","",(DATE(YEAR(I12),MONTH(I12)+1,DAY(I12)))) -> 45832 | K12: =IF(J12="","",(DATE(YEAR(J12),MONTH(J12)+D12,DAY(J12)))) -> 45862 | L12: 45802 | M12: =IF(N12="","",DATE(YEAR(L12),MONTH(L12),DAY(L12))) -> 45802 | N12: =IF(K12="","",(DATE(YEAR(K12),MONTH(K12)+2,DAY(K12)))) -> 45924 | O12: =IF(N12="","",(DATE(YEAR(N12),MONTH(N12)+C12,DAY(N12)))) -> 46411 | P12: 46382 | Q12: =IF(O12="","",DATE(YEAR(P12),MONTH(P12),DAY(P12))) -> 46382 | R12: =IF((AND($E12<='LCS San Diego'!R$4,$F12>='LCS San Diego'!R$4)),"P/L",IF((AND($H12<='LCS San Diego'!R$4,$I12>='LCS San Diego'!R$4)),"XO",IF((AND($J12<='LCS San Diego'!R$4,$K12>='LCS San Diego'!R$4)),"3",IF((AND($L12<='LCS San Diego'!R$4,$M12>='LCS San Diego'!R$4)),"C",IF((AND($N12<='LCS San Diego'!R$4,$O12>='LCS San Diego'!R$4)),"CO",IF((AND($P12<='LCS San Diego'!R$4,$Q12>='LCS San Diego'!R$4)),"C",0)))))) -> CO | S12: =IF((AND($E12<='LCS San Diego'!S$4,$F12>='LCS San Diego'!S$4)),"P/L",IF((AND($H12<='LCS San Diego'!S$4,$I12>='LCS San Diego'!S$4)),"XO",IF((AND($J12<='LCS San Diego'!S$4,$K12>='LCS San Diego'!S$4)),"3",IF((AND($L12<='LCS San Diego'!S$4,$M12>='LCS San Diego'!S$4)),"C",IF((AND($N12<='LCS San Diego'!S$4,$O12>='LCS San Diego'!S$4)),"CO",IF((AND($P12<='LCS San Diego'!S$4,$Q12>='LCS San Diego'!S$4)),"C",0)))))) -> CO | T12: =IF((AND($E12<='LCS San Diego'!T$4,$F12>='LCS San Diego'!T$4)),"P/L",IF((AND($H12<='LCS San Diego'!T$4,$I12>='LCS San Diego'!T$4)),"XO",IF((AND($J12<='LCS San Diego'!T$4,$K12>='LCS San Diego'!T$4)),"3",IF((AND($L12<='LCS San Diego'!T$4,$M12>='LCS San Diego'!T$4)),"C",IF((AND($N12<='LCS San Diego'!T$4,$O12>='LCS San Diego'!T$4)),"CO",IF((AND($P12<='LCS San Diego'!T$4,$Q12>='LCS San Diego'!T$4)),"C",0)))))) -> CO | U12: =IF((AND($E12<='LCS San Diego'!U$4,$F12>='LCS San Diego'!U$4)),"P/L",IF((AND($H12<='LCS San Diego'!U$4,$I12>='LCS San Diego'!U$4)),"XO",IF((AND($J12<='LCS San Diego'!U$4,$K12>='LCS San Diego'!U$4)),"3",IF((AND($L12<='LCS San Diego'!U$4,$M12>='LCS San Diego'!U$4)),"C",IF((AND($N12<='LCS San Diego'!U$4,$O12>='LCS San Diego'!U$4)),"CO",IF((AND($P12<='LCS San Diego'!U$4,$Q12>='LCS San Diego'!U$4)),"C",0)))))) -> CO | V12: =IF((AND($E12<='LCS San Diego'!V$4,$F12>='LCS San Diego'!V$4)),"P/L",IF((AND($H12<='LCS San Diego'!V$4,$I12>='LCS San Diego'!V$4)),"XO",IF((AND($J12<='LCS San Diego'!V$4,$K12>='LCS San Diego'!V$4)),"3",IF((AND($L12<='LCS San Diego'!V$4,$M12>='LCS San Diego'!V$4)),"C",IF((AND($N12<='LCS San Diego'!V$4,$O12>='LCS San Diego'!V$4)),"CO",IF((AND($P12<='LCS San Diego'!V$4,$Q12>='LCS San Diego'!V$4)),"C",0)))))) -> CO | W12: =IF((AND($E12<='LCS San Diego'!W$4,$F12>='LCS San Diego'!W$4)),"P/L",IF((AND($H12<='LCS San Diego'!W$4,$I12>='LCS San Diego'!W$4)),"XO",IF((AND($J12<='LCS San Diego'!W$4,$K12>='LCS San Diego'!W$4)),"3",IF((AND($L12<='LCS San Diego'!W$4,$M12>='LCS San Diego'!W$4)),"C",IF((AND($N12<='LCS San Diego'!W$4,$O12>='LCS San Diego'!W$4)),"CO",IF((AND($P12<='LCS San Diego'!W$4,$Q12>='LCS San Diego'!W$4)),"C",0)))))) -> CO | X12: =IF((AND($E12<='LCS San Diego'!X$4,$F12>='LCS San Diego'!X$4)),"P/L",IF((AND($H12<='LCS San Diego'!X$4,$I12>='LCS San Diego'!X$4)),"XO",IF((AND($J12<='LCS San Diego'!X$4,$K12>='LCS San Diego'!X$4)),"3",IF((AND($L12<='LCS San Diego'!X$4,$M12>='LCS San Diego'!X$4)),"C",IF((AND($N12<='LCS San Diego'!X$4,$O12>='LCS San Diego'!X$4)),"CO",IF((AND($P12<='LCS San Diego'!X$4,$Q12>='LCS San Diego'!X$4)),"C",0)))))) -> CO | Y12: =IF((AND($E12<='LCS San Diego'!Y$4,$F12>='LCS San Diego'!Y$4)),"P/L",IF((AND($H12<='LCS San Diego'!Y$4,$I12>='LCS San Diego'!Y$4)),"XO",IF((AND($J12<='LCS San Diego'!Y$4,$K12>='LCS San Diego'!Y$4)),"3",IF((AND($L12<='LCS San Diego'!Y$4,$M12>='LCS San Diego'!Y$4)),"C",IF((AND($N12<='LCS San Diego'!Y$4,$O12>='LCS San Diego'!Y$4)),"CO",IF((AND($P12<='LCS San Diego'!Y$4,$Q12>='LCS San Diego'!Y$4)),"C",0)))))) -> CO | ... CL12: =IF((AND($E12<='LCS San Diego'!CL$4,$F12>='LCS San Diego'!CL$4)),"P/L",IF((AND($H12<='LCS San Diego'!CL$4,$I12>='LCS San Diego'!CL$4)),"XO",IF((AND($J12<='LCS San Diego'!CL$4,$K12>='LCS San Diego'!CL$4)),"3",IF((AND($L12<='LCS San Diego'!CL$4,$M12>='LCS San Diego'!CL$4)),"C",IF((AND($N12<='LCS San Diego'!CL$4,$O12>='LCS San Diego'!CL$4)),"CO",IF((AND($P12<='LCS San Diego'!CL$4,$Q12>='LCS San Diego'!CL$4)),"C",0)))))) -> 0
A13: Zarow, Zachary (24-3) | B13: 18 | C13: 16 | D13: 1 | G13: =F13-E13 -> 0 | H13: 45894 | I13: =IF(H13="",0,DATE(YEAR(H13),MONTH(H13)+B13,DAY(H13))) -> 46443 | J13: =IF(I13="","",(DATE(YEAR(I13),MONTH(I13)+1,DAY(I13)))) -> 46471 | K13: =IF(J13="","",(DATE(YEAR(J13),MONTH(J13)+D13,DAY(J13)))) -> 46502 | L13: =IF(N13="","",DATE(YEAR(N13), MONTH(N13)-1,DAY(N13))) -> 46532 | M13: =IF(N13="","",DATE(YEAR(L13),MONTH(L13),DAY(L13))) -> 46532 | N13: =IF(K13="","",(DATE(YEAR(K13),MONTH(K13)+2,DAY(K13)))) -> 46563 | O13: =IF(N13="","",(DATE(YEAR(N13),MONTH(N13)+C13,DAY(N13)))) -> 47051 | P13: =IF(O13="","",DATE(YEAR(O13), MONTH(O13)+1,DAY(O13))) -> 47082 | Q13: =IF(O13="","",DATE(YEAR(P13),MONTH(P13),DAY(P13))) -> 47082 | R13: =IF((AND($E13<='LCS San Diego'!R$4,$F13>='LCS San Diego'!R$4)),"P/L",IF((AND($H13<='LCS San Diego'!R$4,$I13>='LCS San Diego'!R$4)),"XO",IF((AND($J13<='LCS San Diego'!R$4,$K13>='LCS San Diego'!R$4)),"3",IF((AND($L13<='LCS San Diego'!R$4,$M13>='LCS San Diego'!R$4)),"C",IF((AND($N13<='LCS San Diego'!R$4,$O13>='LCS San Diego'!R$4)),"CO",IF((AND($P13<='LCS San Diego'!R$4,$Q13>='LCS San Diego'!R$4)),"C",0)))))) -> XO | S13: =IF((AND($E13<='LCS San Diego'!S$4,$F13>='LCS San Diego'!S$4)),"P/L",IF((AND($H13<='LCS San Diego'!S$4,$I13>='LCS San Diego'!S$4)),"XO",IF((AND($J13<='LCS San Diego'!S$4,$K13>='LCS San Diego'!S$4)),"3",IF((AND($L13<='LCS San Diego'!S$4,$M13>='LCS San Diego'!S$4)),"C",IF((AND($N13<='LCS San Diego'!S$4,$O13>='LCS San Diego'!S$4)),"CO",IF((AND($P13<='LCS San Diego'!S$4,$Q13>='LCS San Diego'!S$4)),"C",0)))))) -> XO | T13: =IF((AND($E13<='LCS San Diego'!T$4,$F13>='LCS San Diego'!T$4)),"P/L",IF((AND($H13<='LCS San Diego'!T$4,$I13>='LCS San Diego'!T$4)),"XO",IF((AND($J13<='LCS San Diego'!T$4,$K13>='LCS San Diego'!T$4)),"3",IF((AND($L13<='LCS San Diego'!T$4,$M13>='LCS San Diego'!T$4)),"C",IF((AND($N13<='LCS San Diego'!T$4,$O13>='LCS San Diego'!T$4)),"CO",IF((AND($P13<='LCS San Diego'!T$4,$Q13>='LCS San Diego'!T$4)),"C",0)))))) -> XO | U13: =IF((AND($E13<='LCS San Diego'!U$4,$F13>='LCS San Diego'!U$4)),"P/L",IF((AND($H13<='LCS San Diego'!U$4,$I13>='LCS San Diego'!U$4)),"XO",IF((AND($J13<='LCS San Diego'!U$4,$K13>='LCS San Diego'!U$4)),"3",IF((AND($L13<='LCS San Diego'!U$4,$M13>='LCS San Diego'!U$4)),"C",IF((AND($N13<='LCS San Diego'!U$4,$O13>='LCS San Diego'!U$4)),"CO",IF((AND($P13<='LCS San Diego'!U$4,$Q13>='LCS San Diego'!U$4)),"C",0)))))) -> XO | V13: =IF((AND($E13<='LCS San Diego'!V$4,$F13>='LCS San Diego'!V$4)),"P/L",IF((AND($H13<='LCS San Diego'!V$4,$I13>='LCS San Diego'!V$4)),"XO",IF((AND($J13<='LCS San Diego'!V$4,$K13>='LCS San Diego'!V$4)),"3",IF((AND($L13<='LCS San Diego'!V$4,$M13>='LCS San Diego'!V$4)),"C",IF((AND($N13<='LCS San Diego'!V$4,$O13>='LCS San Diego'!V$4)),"CO",IF((AND($P13<='LCS San Diego'!V$4,$Q13>='LCS San Diego'!V$4)),"C",0)))))) -> XO | W13: =IF((AND($E13<='LCS San Diego'!W$4,$F13>='LCS San Diego'!W$4)),"P/L",IF((AND($H13<='LCS San Diego'!W$4,$I13>='LCS San Diego'!W$4)),"XO",IF((AND($J13<='LCS San Diego'!W$4,$K13>='LCS San Diego'!W$4)),"3",IF((AND($L13<='LCS San Diego'!W$4,$M13>='LCS San Diego'!W$4)),"C",IF((AND($N13<='LCS San Diego'!W$4,$O13>='LCS San Diego'!W$4)),"CO",IF((AND($P13<='LCS San Diego'!W$4,$Q13>='LCS San Diego'!W$4)),"C",0)))))) -> XO | X13: =IF((AND($E13<='LCS San Diego'!X$4,$F13>='LCS San Diego'!X$4)),"P/L",IF((AND($H13<='LCS San Diego'!X$4,$I13>='LCS San Diego'!X$4)),"XO",IF((AND($J13<='LCS San Diego'!X$4,$K13>='LCS San Diego'!X$4)),"3",IF((AND($L13<='LCS San Diego'!X$4,$M13>='LCS San Diego'!X$4)),"C",IF((AND($N13<='LCS San Diego'!X$4,$O13>='LCS San Diego'!X$4)),"CO",IF((AND($P13<='LCS San Diego'!X$4,$Q13>='LCS San Diego'!X$4)),"C",0)))))) -> XO | Y13: =IF((AND($E13<='LCS San Diego'!Y$4,$F13>='LCS San Diego'!Y$4)),"P/L",IF((AND($H13<='LCS San Diego'!Y$4,$I13>='LCS San Diego'!Y$4)),"XO",IF((AND($J13<='LCS San Diego'!Y$4,$K13>='LCS San Diego'!Y$4)),"3",IF((AND($L13<='LCS San Diego'!Y$4,$M13>='LCS San Diego'!Y$4)),"C",IF((AND($N13<='LCS San Diego'!Y$4,$O13>='LCS San Diego'!Y$4)),"CO",IF((AND($P13<='LCS San Diego'!Y$4,$Q13>='LCS San Diego'!Y$4)),"C",0)))))) -> XO | ... CL13: =IF((AND($E13<='LCS San Diego'!CL$4,$F13>='LCS San Diego'!CL$4)),"P/L",IF((AND($H13<='LCS San Diego'!CL$4,$I13>='LCS San Diego'!CL$4)),"XO",IF((AND($J13<='LCS San Diego'!CL$4,$K13>='LCS San Diego'!CL$4)),"3",IF((AND($L13<='LCS San Diego'!CL$4,$M13>='LCS San Diego'!CL$4)),"C",IF((AND($N13<='LCS San Diego'!CL$4,$O13>='LCS San Diego'!CL$4)),"CO",IF((AND($P13<='LCS San Diego'!CL$4,$Q13>='LCS San Diego'!CL$4)),"C",0)))))) -> 0
A14: Benko, Ryan (24-4) (EDA 2505) (XO/CO) | B14: 15 | C14: 16 | D14: 1 | H14: 45803 | I14: =IF(H14="",0,DATE(YEAR(H14),MONTH(H14)+B14,DAY(H14))) -> 46260 | J14: =IF(I14="","",(DATE(YEAR(I14),MONTH(I14)+1,DAY(I14)))) -> 46291 | K14: =IF(J14="","",(DATE(YEAR(J14),MONTH(J14)+D14,DAY(J14)))) -> 46321 | L14: =IF(N14="","",DATE(YEAR(N14), MONTH(N14)-1,DAY(N14))) -> 46352 | M14: =IF(N14="","",DATE(YEAR(L14),MONTH(L14),DAY(L14))) -> 46352 | N14: =IF(K14="","",(DATE(YEAR(K14),MONTH(K14)+2,DAY(K14)))) -> 46382 | O14: =IF(N14="","",(DATE(YEAR(N14),MONTH(N14)+C14,DAY(N14)))) -> 46869 | P14: =IF(O14="","",DATE(YEAR(O14), MONTH(O14)+1,DAY(O14))) -> 46899 | Q14: =IF(O14="","",DATE(YEAR(P14),MONTH(P14),DAY(P14))) -> 46899
A15: Bradford, Jordan (24-2) | B15: 17 | C15: 16 | D15: 1 | G15: =F15-E15 -> 0 | H15: 45894 | I15: =IF(H15="",0,DATE(YEAR(H15),MONTH(H15)+B15,DAY(H15))) -> 46412 | J15: =IF(I15="","",(DATE(YEAR(I15),MONTH(I15)+1,DAY(I15)))) -> 46443 | K15: =IF(J15="","",(DATE(YEAR(J15),MONTH(J15)+D15,DAY(J15)))) -> 46471 | L15: 46748 | M15: =IF(N15="","",DATE(YEAR(L15),MONTH(L15),DAY(L15))) -> 46748 | N15: =IF(K15="","",(DATE(YEAR(K15),MONTH(K15)+2,DAY(K15)))) -> 46532 | O15: =IF(N15="","",(DATE(YEAR(N15),MONTH(N15)+C15,DAY(N15)))) -> 47021 | P15: =IF(O15="","",DATE(YEAR(O15), MONTH(O15)+1,DAY(O15))) -> 47051 | Q15: =IF(O15="","",DATE(YEAR(P15),MONTH(P15),DAY(P15))) -> 47051
A16: 26-2 | B16: 17 | C16: 16 | D16: 1 | H16: 46388 | I16: =IF(H16="",0,DATE(YEAR(H16),MONTH(H16)+B16,DAY(H16))) -> 46905 | J16: =IF(I16="","",(DATE(YEAR(I16),MONTH(I16)+1,DAY(I16)))) -> 46935 | K16: =IF(J16="","",(DATE(YEAR(J16),MONTH(J16)+D16,DAY(J16)))) -> 46966 | L16: =IF(N16="","",DATE(YEAR(N16), MONTH(N16)-1,DAY(N16))) -> 46997 | M16: =IF(N16="","",DATE(YEAR(L16),MONTH(L16),DAY(L16))) -> 46997 | N16: =IF(K16="","",(DATE(YEAR(K16),MONTH(K16)+2,DAY(K16)))) -> 47027 | O16: =IF(N16="","",(DATE(YEAR(N16),MONTH(N16)+C16,DAY(N16)))) -> 47515 | P16: =IF(O16="","",DATE(YEAR(O16), MONTH(O16)+1,DAY(O16))) -> 47543 | Q16: =IF(O16="","",DATE(YEAR(P16),MONTH(P16),DAY(P16))) -> 47543
A17: TULSA (LCS 16) GOLD (CREW 217) - 41069 | R17: ='LCS San Diego'!$A$2-DAY('LCS San Diego'!$A$2)+1 -> 46054 | S17: =DATE(YEAR(R17),MONTH(R17)+1,DAY(R17)) -> 46082 | T17: =DATE(YEAR(S17),MONTH(S17)+1,DAY(S17)) -> 46113 | U17: =DATE(YEAR(T17),MONTH(T17)+1,DAY(T17)) -> 46143 | V17: =DATE(YEAR(U17),MONTH(U17)+1,DAY(U17)) -> 46174 | W17: =DATE(YEAR(V17),MONTH(V17)+1,DAY(V17)) -> 46204 | X17: =DATE(YEAR(W17),MONTH(W17)+1,DAY(W17)) -> 46235 | Y17: =DATE(YEAR(X17),MONTH(X17)+1,DAY(X17)) -> 46266 | Z17: =DATE(YEAR(Y17),MONTH(Y17)+1,DAY(Y17)) -> 46296 | ... CL17: =DATE(YEAR(CK17),MONTH(CK17)+1,DAY(CK17)) -> 48245
A18: Wanier, Blake (XO/CO) | B18: 17 | C18: 17 | D18: 1 | G18: =F18-E18 -> 0 | H18: 45374 | I18: =IF(H18="",0,DATE(YEAR(H18),MONTH(H18)+B18,DAY(H18))) -> 45892 | J18: =IF(I18="","",(DATE(YEAR(I18),MONTH(I18)+1,DAY(I18)))) -> 45923 | K18: =IF(J18="","",(DATE(YEAR(J18),MONTH(J18)+D18,DAY(J18)))) -> 45953 | L18: =IF(N18="","",DATE(YEAR(N18), MONTH(N18)-1,DAY(N18))) -> 45984 | M18: =IF(N18="","",DATE(YEAR(L18),MONTH(L18),DAY(L18))) -> 45984 | N18: =IF(K18="","",(DATE(YEAR(K18),MONTH(K18)+2,DAY(K18)))) -> 46014 | O18: =IF(N18="","",(DATE(YEAR(N18),MONTH(N18)+C18,DAY(N18)))) -> 46530 | P18: =IF(O18="","",DATE(YEAR(O18), MONTH(O18)+1,DAY(O18))) -> 46561 | Q18: =IF(O18="","",DATE(YEAR(P18),MONTH(P18),DAY(P18))) -> 46561 | R18: =IF((AND($E18<='LCS San Diego'!R$4,$F18>='LCS San Diego'!R$4)),"P/L",IF((AND($H18<='LCS San Diego'!R$4,$I18>='LCS San Diego'!R$4)),"XO",IF((AND($J18<='LCS San Diego'!R$4,$K18>='LCS San Diego'!R$4)),"3",IF((AND($L18<='LCS San Diego'!R$4,$M18>='LCS San Diego'!R$4)),"C",IF((AND($N18<='LCS San Diego'!R$4,$O18>='LCS San Diego'!R$4)),"CO",IF((AND($P18<='LCS San Diego'!R$4,$Q18>='LCS San Diego'!R$4)),"C",0)))))) -> CO | S18: =IF((AND($E18<='LCS San Diego'!S$4,$F18>='LCS San Diego'!S$4)),"P/L",IF((AND($H18<='LCS San Diego'!S$4,$I18>='LCS San Diego'!S$4)),"XO",IF((AND($J18<='LCS San Diego'!S$4,$K18>='LCS San Diego'!S$4)),"3",IF((AND($L18<='LCS San Diego'!S$4,$M18>='LCS San Diego'!S$4)),"C",IF((AND($N18<='LCS San Diego'!S$4,$O18>='LCS San Diego'!S$4)),"CO",IF((AND($P18<='LCS San Diego'!S$4,$Q18>='LCS San Diego'!S$4)),"C",0)))))) -> CO | T18: =IF((AND($E18<='LCS San Diego'!T$4,$F18>='LCS San Diego'!T$4)),"P/L",IF((AND($H18<='LCS San Diego'!T$4,$I18>='LCS San Diego'!T$4)),"XO",IF((AND($J18<='LCS San Diego'!T$4,$K18>='LCS San Diego'!T$4)),"3",IF((AND($L18<='LCS San Diego'!T$4,$M18>='LCS San Diego'!T$4)),"C",IF((AND($N18<='LCS San Diego'!T$4,$O18>='LCS San Diego'!T$4)),"CO",IF((AND($P18<='LCS San Diego'!T$4,$Q18>='LCS San Diego'!T$4)),"C",0)))))) -> CO | U18: =IF((AND($E18<='LCS San Diego'!U$4,$F18>='LCS San Diego'!U$4)),"P/L",IF((AND($H18<='LCS San Diego'!U$4,$I18>='LCS San Diego'!U$4)),"XO",IF((AND($J18<='LCS San Diego'!U$4,$K18>='LCS San Diego'!U$4)),"3",IF((AND($L18<='LCS San Diego'!U$4,$M18>='LCS San Diego'!U$4)),"C",IF((AND($N18<='LCS San Diego'!U$4,$O18>='LCS San Diego'!U$4)),"CO",IF((AND($P18<='LCS San Diego'!U$4,$Q18>='LCS San Diego'!U$4)),"C",0)))))) -> CO | V18: =IF((AND($E18<='LCS San Diego'!V$4,$F18>='LCS San Diego'!V$4)),"P/L",IF((AND($H18<='LCS San Diego'!V$4,$I18>='LCS San Diego'!V$4)),"XO",IF((AND($J18<='LCS San Diego'!V$4,$K18>='LCS San Diego'!V$4)),"3",IF((AND($L18<='LCS San Diego'!V$4,$M18>='LCS San Diego'!V$4)),"C",IF((AND($N18<='LCS San Diego'!V$4,$O18>='LCS San Diego'!V$4)),"CO",IF((AND($P18<='LCS San Diego'!V$4,$Q18>='LCS San Diego'!V$4)),"C",0)))))) -> CO | W18: =IF((AND($E18<='LCS San Diego'!W$4,$F18>='LCS San Diego'!W$4)),"P/L",IF((AND($H18<='LCS San Diego'!W$4,$I18>='LCS San Diego'!W$4)),"XO",IF((AND($J18<='LCS San Diego'!W$4,$K18>='LCS San Diego'!W$4)),"3",IF((AND($L18<='LCS San Diego'!W$4,$M18>='LCS San Diego'!W$4)),"C",IF((AND($N18<='LCS San Diego'!W$4,$O18>='LCS San Diego'!W$4)),"CO",IF((AND($P18<='LCS San Diego'!W$4,$Q18>='LCS San Diego'!W$4)),"C",0)))))) -> CO | X18: =IF((AND($E18<='LCS San Diego'!X$4,$F18>='LCS San Diego'!X$4)),"P/L",IF((AND($H18<='LCS San Diego'!X$4,$I18>='LCS San Diego'!X$4)),"XO",IF((AND($J18<='LCS San Diego'!X$4,$K18>='LCS San Diego'!X$4)),"3",IF((AND($L18<='LCS San Diego'!X$4,$M18>='LCS San Diego'!X$4)),"C",IF((AND($N18<='LCS San Diego'!X$4,$O18>='LCS San Diego'!X$4)),"CO",IF((AND($P18<='LCS San Diego'!X$4,$Q18>='LCS San Diego'!X$4)),"C",0)))))) -> CO | Y18: =IF((AND($E18<='LCS San Diego'!Y$4,$F18>='LCS San Diego'!Y$4)),"P/L",IF((AND($H18<='LCS San Diego'!Y$4,$I18>='LCS San Diego'!Y$4)),"XO",IF((AND($J18<='LCS San Diego'!Y$4,$K18>='LCS San Diego'!Y$4)),"3",IF((AND($L18<='LCS San Diego'!Y$4,$M18>='LCS San Diego'!Y$4)),"C",IF((AND($N18<='LCS San Diego'!Y$4,$O18>='LCS San Diego'!Y$4)),"CO",IF((AND($P18<='LCS San Diego'!Y$4,$Q18>='LCS San Diego'!Y$4)),"C",0)))))) -> CO | ... CL18: =IF((AND($E18<='LCS San Diego'!CL$4,$F18>='LCS San Diego'!CL$4)),"P/L",IF((AND($H18<='LCS San Diego'!CL$4,$I18>='LCS San Diego'!CL$4)),"XO",IF((AND($J18<='LCS San Diego'!CL$4,$K18>='LCS San Diego'!CL$4)),"3",IF((AND($L18<='LCS San Diego'!CL$4,$M18>='LCS San Diego'!CL$4)),"C",IF((AND($N18<='LCS San Diego'!CL$4,$O18>='LCS San Diego'!CL$4)),"CO",IF((AND($P18<='LCS San Diego'!CL$4,$Q18>='LCS San Diego'!CL$4)),"C",0)))))) -> 0
A19: Bradford, Jordan (24-2) | B19: 17 | C19: 16 | D19: 1 | G19: =F19-E19 -> 0 | H19: 45894 | I19: =IF(H19="",0,DATE(YEAR(H19),MONTH(H19)+B19,DAY(H19))) -> 46412 | J19: =IF(I19="","",(DATE(YEAR(I19),MONTH(I19)+1,DAY(I19)))) -> 46443 | K19: =IF(J19="","",(DATE(YEAR(J19),MONTH(J19)+D19,DAY(J19)))) -> 46471 | L19: =IF(N19="","",DATE(YEAR(N19), MONTH(N19)-1,DAY(N19))) -> 46502 | M19: =IF(N19="","",DATE(YEAR(L19),MONTH(L19),DAY(L19))) -> 46502 | N19: =IF(K19="","",(DATE(YEAR(K19),MONTH(K19)+2,DAY(K19)))) -> 46532 | O19: =IF(N19="","",(DATE(YEAR(N19),MONTH(N19)+C19,DAY(N19)))) -> 47021 | P19: =IF(O19="","",DATE(YEAR(O19), MONTH(O19)+1,DAY(O19))) -> 47051 | Q19: =IF(O19="","",DATE(YEAR(P19),MONTH(P19),DAY(P19))) -> 47051 | R19: =IF((AND($E19<='LCS San Diego'!R$4,$F19>='LCS San Diego'!R$4)),"P/L",IF((AND($H19<='LCS San Diego'!R$4,$I19>='LCS San Diego'!R$4)),"XO",IF((AND($J19<='LCS San Diego'!R$4,$K19>='LCS San Diego'!R$4)),"3",IF((AND($L19<='LCS San Diego'!R$4,$M19>='LCS San Diego'!R$4)),"C",IF((AND($N19<='LCS San Diego'!R$4,$O19>='LCS San Diego'!R$4)),"CO",IF((AND($P19<='LCS San Diego'!R$4,$Q19>='LCS San Diego'!R$4)),"C",0)))))) -> XO | S19: =IF((AND($E19<='LCS San Diego'!S$4,$F19>='LCS San Diego'!S$4)),"P/L",IF((AND($H19<='LCS San Diego'!S$4,$I19>='LCS San Diego'!S$4)),"XO",IF((AND($J19<='LCS San Diego'!S$4,$K19>='LCS San Diego'!S$4)),"3",IF((AND($L19<='LCS San Diego'!S$4,$M19>='LCS San Diego'!S$4)),"C",IF((AND($N19<='LCS San Diego'!S$4,$O19>='LCS San Diego'!S$4)),"CO",IF((AND($P19<='LCS San Diego'!S$4,$Q19>='LCS San Diego'!S$4)),"C",0)))))) -> XO | T19: =IF((AND($E19<='LCS San Diego'!T$4,$F19>='LCS San Diego'!T$4)),"P/L",IF((AND($H19<='LCS San Diego'!T$4,$I19>='LCS San Diego'!T$4)),"XO",IF((AND($J19<='LCS San Diego'!T$4,$K19>='LCS San Diego'!T$4)),"3",IF((AND($L19<='LCS San Diego'!T$4,$M19>='LCS San Diego'!T$4)),"C",IF((AND($N19<='LCS San Diego'!T$4,$O19>='LCS San Diego'!T$4)),"CO",IF((AND($P19<='LCS San Diego'!T$4,$Q19>='LCS San Diego'!T$4)),"C",0)))))) -> XO | U19: =IF((AND($E19<='LCS San Diego'!U$4,$F19>='LCS San Diego'!U$4)),"P/L",IF((AND($H19<='LCS San Diego'!U$4,$I19>='LCS San Diego'!U$4)),"XO",IF((AND($J19<='LCS San Diego'!U$4,$K19>='LCS San Diego'!U$4)),"3",IF((AND($L19<='LCS San Diego'!U$4,$M19>='LCS San Diego'!U$4)),"C",IF((AND($N19<='LCS San Diego'!U$4,$O19>='LCS San Diego'!U$4)),"CO",IF((AND($P19<='LCS San Diego'!U$4,$Q19>='LCS San Diego'!U$4)),"C",0)))))) -> XO | V19: =IF((AND($E19<='LCS San Diego'!V$4,$F19>='LCS San Diego'!V$4)),"P/L",IF((AND($H19<='LCS San Diego'!V$4,$I19>='LCS San Diego'!V$4)),"XO",IF((AND($J19<='LCS San Diego'!V$4,$K19>='LCS San Diego'!V$4)),"3",IF((AND($L19<='LCS San Diego'!V$4,$M19>='LCS San Diego'!V$4)),"C",IF((AND($N19<='LCS San Diego'!V$4,$O19>='LCS San Diego'!V$4)),"CO",IF((AND($P19<='LCS San Diego'!V$4,$Q19>='LCS San Diego'!V$4)),"C",0)))))) -> XO | W19: =IF((AND($E19<='LCS San Diego'!W$4,$F19>='LCS San Diego'!W$4)),"P/L",IF((AND($H19<='LCS San Diego'!W$4,$I19>='LCS San Diego'!W$4)),"XO",IF((AND($J19<='LCS San Diego'!W$4,$K19>='LCS San Diego'!W$4)),"3",IF((AND($L19<='LCS San Diego'!W$4,$M19>='LCS San Diego'!W$4)),"C",IF((AND($N19<='LCS San Diego'!W$4,$O19>='LCS San Diego'!W$4)),"CO",IF((AND($P19<='LCS San Diego'!W$4,$Q19>='LCS San Diego'!W$4)),"C",0)))))) -> XO | X19: =IF((AND($E19<='LCS San Diego'!X$4,$F19>='LCS San Diego'!X$4)),"P/L",IF((AND($H19<='LCS San Diego'!X$4,$I19>='LCS San Diego'!X$4)),"XO",IF((AND($J19<='LCS San Diego'!X$4,$K19>='LCS San Diego'!X$4)),"3",IF((AND($L19<='LCS San Diego'!X$4,$M19>='LCS San Diego'!X$4)),"C",IF((AND($N19<='LCS San Diego'!X$4,$O19>='LCS San Diego'!X$4)),"CO",IF((AND($P19<='LCS San Diego'!X$4,$Q19>='LCS San Diego'!X$4)),"C",0)))))) -> XO | Y19: =IF((AND($E19<='LCS San Diego'!Y$4,$F19>='LCS San Diego'!Y$4)),"P/L",IF((AND($H19<='LCS San Diego'!Y$4,$I19>='LCS San Diego'!Y$4)),"XO",IF((AND($J19<='LCS San Diego'!Y$4,$K19>='LCS San Diego'!Y$4)),"3",IF((AND($L19<='LCS San Diego'!Y$4,$M19>='LCS San Diego'!Y$4)),"C",IF((AND($N19<='LCS San Diego'!Y$4,$O19>='LCS San Diego'!Y$4)),"CO",IF((AND($P19<='LCS San Diego'!Y$4,$Q19>='LCS San Diego'!Y$4)),"C",0)))))) -> XO | ... CL19: =IF((AND($E19<='LCS San Diego'!CL$4,$F19>='LCS San Diego'!CL$4)),"P/L",IF((AND($H19<='LCS San Diego'!CL$4,$I19>='LCS San Diego'!CL$4)),"XO",IF((AND($J19<='LCS San Diego'!CL$4,$K19>='LCS San Diego'!CL$4)),"3",IF((AND($L19<='LCS San Diego'!CL$4,$M19>='LCS San Diego'!CL$4)),"C",IF((AND($N19<='LCS San Diego'!CL$4,$O19>='LCS San Diego'!CL$4)),"CO",IF((AND($P19<='LCS San Diego'!CL$4,$Q19>='LCS San Diego'!CL$4)),"C",0)))))) -> 0
A20: 26-1 Don't need | B20: 17 | C20: 16 | D20: 1 | G20: =F20-E20 -> 0 | H20: 46388 | I20: =IF(H20="",0,DATE(YEAR(H20),MONTH(H20)+B20,DAY(H20))) -> 46905 | J20: =IF(I20="","",(DATE(YEAR(I20),MONTH(I20)+1,DAY(I20)))) -> 46935 | K20: =IF(J20="","",(DATE(YEAR(J20),MONTH(J20)+D20,DAY(J20)))) -> 46966 | L20: =IF(N20="","",DATE(YEAR(N20), MONTH(N20)-1,DAY(N20))) -> 46997 | M20: =IF(N20="","",DATE(YEAR(L20),MONTH(L20),DAY(L20))) -> 46997 | N20: =IF(K20="","",(DATE(YEAR(K20),MONTH(K20)+2,DAY(K20)))) -> 47027 | O20: =IF(N20="","",(DATE(YEAR(N20),MONTH(N20)+C20,DAY(N20)))) -> 47515 | P20: =IF(O20="","",DATE(YEAR(O20), MONTH(O20)+1,DAY(O20))) -> 47543 | Q20: =IF(O20="","",DATE(YEAR(P20),MONTH(P20),DAY(P20))) -> 47543 | R20: =IF((AND($E20<='LCS San Diego'!R$4,$F20>='LCS San Diego'!R$4)),"P/L",IF((AND($H20<='LCS San Diego'!R$4,$I20>='LCS San Diego'!R$4)),"XO",IF((AND($J20<='LCS San Diego'!R$4,$K20>='LCS San Diego'!R$4)),"3",IF((AND($L20<='LCS San Diego'!R$4,$M20>='LCS San Diego'!R$4)),"C",IF((AND($N20<='LCS San Diego'!R$4,$O20>='LCS San Diego'!R$4)),"CO",IF((AND($P20<='LCS San Diego'!R$4,$Q20>='LCS San Diego'!R$4)),"C",0)))))) -> 0 | S20: =IF((AND($E20<='LCS San Diego'!S$4,$F20>='LCS San Diego'!S$4)),"P/L",IF((AND($H20<='LCS San Diego'!S$4,$I20>='LCS San Diego'!S$4)),"XO",IF((AND($J20<='LCS San Diego'!S$4,$K20>='LCS San Diego'!S$4)),"3",IF((AND($L20<='LCS San Diego'!S$4,$M20>='LCS San Diego'!S$4)),"C",IF((AND($N20<='LCS San Diego'!S$4,$O20>='LCS San Diego'!S$4)),"CO",IF((AND($P20<='LCS San Diego'!S$4,$Q20>='LCS San Diego'!S$4)),"C",0)))))) -> 0 | T20: =IF((AND($E20<='LCS San Diego'!T$4,$F20>='LCS San Diego'!T$4)),"P/L",IF((AND($H20<='LCS San Diego'!T$4,$I20>='LCS San Diego'!T$4)),"XO",IF((AND($J20<='LCS San Diego'!T$4,$K20>='LCS San Diego'!T$4)),"3",IF((AND($L20<='LCS San Diego'!T$4,$M20>='LCS San Diego'!T$4)),"C",IF((AND($N20<='LCS San Diego'!T$4,$O20>='LCS San Diego'!T$4)),"CO",IF((AND($P20<='LCS San Diego'!T$4,$Q20>='LCS San Diego'!T$4)),"C",0)))))) -> 0 | U20: =IF((AND($E20<='LCS San Diego'!U$4,$F20>='LCS San Diego'!U$4)),"P/L",IF((AND($H20<='LCS San Diego'!U$4,$I20>='LCS San Diego'!U$4)),"XO",IF((AND($J20<='LCS San Diego'!U$4,$K20>='LCS San Diego'!U$4)),"3",IF((AND($L20<='LCS San Diego'!U$4,$M20>='LCS San Diego'!U$4)),"C",IF((AND($N20<='LCS San Diego'!U$4,$O20>='LCS San Diego'!U$4)),"CO",IF((AND($P20<='LCS San Diego'!U$4,$Q20>='LCS San Diego'!U$4)),"C",0)))))) -> 0 | V20: =IF((AND($E20<='LCS San Diego'!V$4,$F20>='LCS San Diego'!V$4)),"P/L",IF((AND($H20<='LCS San Diego'!V$4,$I20>='LCS San Diego'!V$4)),"XO",IF((AND($J20<='LCS San Diego'!V$4,$K20>='LCS San Diego'!V$4)),"3",IF((AND($L20<='LCS San Diego'!V$4,$M20>='LCS San Diego'!V$4)),"C",IF((AND($N20<='LCS San Diego'!V$4,$O20>='LCS San Diego'!V$4)),"CO",IF((AND($P20<='LCS San Diego'!V$4,$Q20>='LCS San Diego'!V$4)),"C",0)))))) -> 0 | W20: =IF((AND($E20<='LCS San Diego'!W$4,$F20>='LCS San Diego'!W$4)),"P/L",IF((AND($H20<='LCS San Diego'!W$4,$I20>='LCS San Diego'!W$4)),"XO",IF((AND($J20<='LCS San Diego'!W$4,$K20>='LCS San Diego'!W$4)),"3",IF((AND($L20<='LCS San Diego'!W$4,$M20>='LCS San Diego'!W$4)),"C",IF((AND($N20<='LCS San Diego'!W$4,$O20>='LCS San Diego'!W$4)),"CO",IF((AND($P20<='LCS San Diego'!W$4,$Q20>='LCS San Diego'!W$4)),"C",0)))))) -> 0 | X20: =IF((AND($E20<='LCS San Diego'!X$4,$F20>='LCS San Diego'!X$4)),"P/L",IF((AND($H20<='LCS San Diego'!X$4,$I20>='LCS San Diego'!X$4)),"XO",IF((AND($J20<='LCS San Diego'!X$4,$K20>='LCS San Diego'!X$4)),"3",IF((AND($L20<='LCS San Diego'!X$4,$M20>='LCS San Diego'!X$4)),"C",IF((AND($N20<='LCS San Diego'!X$4,$O20>='LCS San Diego'!X$4)),"CO",IF((AND($P20<='LCS San Diego'!X$4,$Q20>='LCS San Diego'!X$4)),"C",0)))))) -> 0 | Y20: =IF((AND($E20<='LCS San Diego'!Y$4,$F20>='LCS San Diego'!Y$4)),"P/L",IF((AND($H20<='LCS San Diego'!Y$4,$I20>='LCS San Diego'!Y$4)),"XO",IF((AND($J20<='LCS San Diego'!Y$4,$K20>='LCS San Diego'!Y$4)),"3",IF((AND($L20<='LCS San Diego'!Y$4,$M20>='LCS San Diego'!Y$4)),"C",IF((AND($N20<='LCS San Diego'!Y$4,$O20>='LCS San Diego'!Y$4)),"CO",IF((AND($P20<='LCS San Diego'!Y$4,$Q20>='LCS San Diego'!Y$4)),"C",0)))))) -> 0 | ... CL20: =IF((AND($E20<='LCS San Diego'!CL$4,$F20>='LCS San Diego'!CL$4)),"P/L",IF((AND($H20<='LCS San Diego'!CL$4,$I20>='LCS San Diego'!CL$4)),"XO",IF((AND($J20<='LCS San Diego'!CL$4,$K20>='LCS San Diego'!CL$4)),"3",IF((AND($L20<='LCS San Diego'!CL$4,$M20>='LCS San Diego'!CL$4)),"C",IF((AND($N20<='LCS San Diego'!CL$4,$O20>='LCS San Diego'!CL$4)),"CO",IF((AND($P20<='LCS San Diego'!CL$4,$Q20>='LCS San Diego'!CL$4)),"C",0)))))) -> 0
A21: OMAHA (LCS 12) - 20141 | R21: ='LCS San Diego'!$A$2-DAY('LCS San Diego'!$A$2)+1 -> 46054 | S21: =DATE(YEAR(R21),MONTH(R21)+1,DAY(R21)) -> 46082 | T21: =DATE(YEAR(S21),MONTH(S21)+1,DAY(S21)) -> 46113 | U21: =DATE(YEAR(T21),MONTH(T21)+1,DAY(T21)) -> 46143 | V21: =DATE(YEAR(U21),MONTH(U21)+1,DAY(U21)) -> 46174 | W21: =DATE(YEAR(V21),MONTH(V21)+1,DAY(V21)) -> 46204 | X21: =DATE(YEAR(W21),MONTH(W21)+1,DAY(W21)) -> 46235 | Y21: =DATE(YEAR(X21),MONTH(X21)+1,DAY(X21)) -> 46266 | Z21: =DATE(YEAR(Y21),MONTH(Y21)+1,DAY(Y21)) -> 46296 | ... CL21: =DATE(YEAR(CK21),MONTH(CK21)+1,DAY(CK21)) -> 48245
A22: Doyle, Ryan (COC DEC 24 / EARLY JAN 2025) | B22: 17 | C22: 13 | D22: 1 | G22: =F22-E22 -> 0 | H22: 45069 | I22: =IF(H22="",0,DATE(YEAR(H22),MONTH(H22)+B22,DAY(H22))) -> 45588 | J22: =IF(I22="","",(DATE(YEAR(I22),MONTH(I22)+1,DAY(I22)))) -> 45619 | K22: =IF(J22="","",(DATE(YEAR(J22),MONTH(J22)+D22,DAY(J22)))) -> 45649 | L22: =IF(N22="","",DATE(YEAR(N22), MONTH(N22)-1,DAY(N22))) -> 45680 | M22: 45589 | N22: =IF(K22="","",(DATE(YEAR(K22),MONTH(K22)+2,DAY(K22)))) -> 45711 | O22: =IF(N22="","",(DATE(YEAR(N22),MONTH(N22)+C22,DAY(N22)))) -> 46104 | P22: =IF(O22="","",DATE(YEAR(O22), MONTH(O22)+1,DAY(O22))) -> 46135 | Q22: =IF(O22="","",DATE(YEAR(P22),MONTH(P22),DAY(P22))) -> 46135 | R22: =IF((AND($E22<='LCS San Diego'!R$4,$F22>='LCS San Diego'!R$4)),"P/L",IF((AND($H22<='LCS San Diego'!R$4,$I22>='LCS San Diego'!R$4)),"XO",IF((AND($J22<='LCS San Diego'!R$4,$K22>='LCS San Diego'!R$4)),"3",IF((AND($L22<='LCS San Diego'!R$4,$M22>='LCS San Diego'!R$4)),"C",IF((AND($N22<='LCS San Diego'!R$4,$O22>='LCS San Diego'!R$4)),"CO",IF((AND($P22<='LCS San Diego'!R$4,$Q22>='LCS San Diego'!R$4)),"C",0)))))) -> CO | S22: =IF((AND($E22<='LCS San Diego'!S$4,$F22>='LCS San Diego'!S$4)),"P/L",IF((AND($H22<='LCS San Diego'!S$4,$I22>='LCS San Diego'!S$4)),"XO",IF((AND($J22<='LCS San Diego'!S$4,$K22>='LCS San Diego'!S$4)),"3",IF((AND($L22<='LCS San Diego'!S$4,$M22>='LCS San Diego'!S$4)),"C",IF((AND($N22<='LCS San Diego'!S$4,$O22>='LCS San Diego'!S$4)),"CO",IF((AND($P22<='LCS San Diego'!S$4,$Q22>='LCS San Diego'!S$4)),"C",0)))))) -> CO | T22: =IF((AND($E22<='LCS San Diego'!T$4,$F22>='LCS San Diego'!T$4)),"P/L",IF((AND($H22<='LCS San Diego'!T$4,$I22>='LCS San Diego'!T$4)),"XO",IF((AND($J22<='LCS San Diego'!T$4,$K22>='LCS San Diego'!T$4)),"3",IF((AND($L22<='LCS San Diego'!T$4,$M22>='LCS San Diego'!T$4)),"C",IF((AND($N22<='LCS San Diego'!T$4,$O22>='LCS San Diego'!T$4)),"CO",IF((AND($P22<='LCS San Diego'!T$4,$Q22>='LCS San Diego'!T$4)),"C",0)))))) -> 0 | U22: =IF((AND($E22<='LCS San Diego'!U$4,$F22>='LCS San Diego'!U$4)),"P/L",IF((AND($H22<='LCS San Diego'!U$4,$I22>='LCS San Diego'!U$4)),"XO",IF((AND($J22<='LCS San Diego'!U$4,$K22>='LCS San Diego'!U$4)),"3",IF((AND($L22<='LCS San Diego'!U$4,$M22>='LCS San Diego'!U$4)),"C",IF((AND($N22<='LCS San Diego'!U$4,$O22>='LCS San Diego'!U$4)),"CO",IF((AND($P22<='LCS San Diego'!U$4,$Q22>='LCS San Diego'!U$4)),"C",0)))))) -> 0 | V22: =IF((AND($E22<='LCS San Diego'!V$4,$F22>='LCS San Diego'!V$4)),"P/L",IF((AND($H22<='LCS San Diego'!V$4,$I22>='LCS San Diego'!V$4)),"XO",IF((AND($J22<='LCS San Diego'!V$4,$K22>='LCS San Diego'!V$4)),"3",IF((AND($L22<='LCS San Diego'!V$4,$M22>='LCS San Diego'!V$4)),"C",IF((AND($N22<='LCS San Diego'!V$4,$O22>='LCS San Diego'!V$4)),"CO",IF((AND($P22<='LCS San Diego'!V$4,$Q22>='LCS San Diego'!V$4)),"C",0)))))) -> 0 | W22: =IF((AND($E22<='LCS San Diego'!W$4,$F22>='LCS San Diego'!W$4)),"P/L",IF((AND($H22<='LCS San Diego'!W$4,$I22>='LCS San Diego'!W$4)),"XO",IF((AND($J22<='LCS San Diego'!W$4,$K22>='LCS San Diego'!W$4)),"3",IF((AND($L22<='LCS San Diego'!W$4,$M22>='LCS San Diego'!W$4)),"C",IF((AND($N22<='LCS San Diego'!W$4,$O22>='LCS San Diego'!W$4)),"CO",IF((AND($P22<='LCS San Diego'!W$4,$Q22>='LCS San Diego'!W$4)),"C",0)))))) -> 0 | X22: =IF((AND($E22<='LCS San Diego'!X$4,$F22>='LCS San Diego'!X$4)),"P/L",IF((AND($H22<='LCS San Diego'!X$4,$I22>='LCS San Diego'!X$4)),"XO",IF((AND($J22<='LCS San Diego'!X$4,$K22>='LCS San Diego'!X$4)),"3",IF((AND($L22<='LCS San Diego'!X$4,$M22>='LCS San Diego'!X$4)),"C",IF((AND($N22<='LCS San Diego'!X$4,$O22>='LCS San Diego'!X$4)),"CO",IF((AND($P22<='LCS San Diego'!X$4,$Q22>='LCS San Diego'!X$4)),"C",0)))))) -> 0 | Y22: =IF((AND($E22<='LCS San Diego'!Y$4,$F22>='LCS San Diego'!Y$4)),"P/L",IF((AND($H22<='LCS San Diego'!Y$4,$I22>='LCS San Diego'!Y$4)),"XO",IF((AND($J22<='LCS San Diego'!Y$4,$K22>='LCS San Diego'!Y$4)),"3",IF((AND($L22<='LCS San Diego'!Y$4,$M22>='LCS San Diego'!Y$4)),"C",IF((AND($N22<='LCS San Diego'!Y$4,$O22>='LCS San Diego'!Y$4)),"CO",IF((AND($P22<='LCS San Diego'!Y$4,$Q22>='LCS San Diego'!Y$4)),"C",0)))))) -> 0 | ... CL22: =IF((AND($E22<='LCS San Diego'!CL$4,$F22>='LCS San Diego'!CL$4)),"P/L",IF((AND($H22<='LCS San Diego'!CL$4,$I22>='LCS San Diego'!CL$4)),"XO",IF((AND($J22<='LCS San Diego'!CL$4,$K22>='LCS San Diego'!CL$4)),"3",IF((AND($L22<='LCS San Diego'!CL$4,$M22>='LCS San Diego'!CL$4)),"C",IF((AND($N22<='LCS San Diego'!CL$4,$O22>='LCS San Diego'!CL$4)),"CO",IF((AND($P22<='LCS San Diego'!CL$4,$Q22>='LCS San Diego'!CL$4)),"C",0)))))) -> 0
A23: Nottberg, Adam (24-2)(D.I.T.) (2412) | B23: 14 | C23: 17 | D23: 1 | G23: =F23-E23 -> 0 | H23: 45620 | I23: =IF(H23="",0,DATE(YEAR(H23),MONTH(H23)+B23,DAY(H23))) -> 46046 | J23: =IF(I23="","",(DATE(YEAR(I23),MONTH(I23)+1,DAY(I23)))) -> 46077 | K23: =IF(J23="","",(DATE(YEAR(J23),MONTH(J23)+D23,DAY(J23)))) -> 46105 | L23: =IF(N23="","",DATE(YEAR(N23), MONTH(N23)-1,DAY(N23))) -> 46136 | M23: =IF(N23="","",DATE(YEAR(L23),MONTH(L23),DAY(L23))) -> 46136 | N23: =IF(K23="","",(DATE(YEAR(K23),MONTH(K23)+2,DAY(K23)))) -> 46166 | O23: =IF(N23="","",(DATE(YEAR(N23),MONTH(N23)+C23,DAY(N23)))) -> 46684 | P23: =IF(O23="","",DATE(YEAR(O23), MONTH(O23)+1,DAY(O23))) -> 46715 | Q23: =IF(O23="","",DATE(YEAR(P23),MONTH(P23),DAY(P23))) -> 46715 | R23: =IF((AND($E23<='LCS San Diego'!R$4,$F23>='LCS San Diego'!R$4)),"P/L",IF((AND($H23<='LCS San Diego'!R$4,$I23>='LCS San Diego'!R$4)),"XO",IF((AND($J23<='LCS San Diego'!R$4,$K23>='LCS San Diego'!R$4)),"3",IF((AND($L23<='LCS San Diego'!R$4,$M23>='LCS San Diego'!R$4)),"C",IF((AND($N23<='LCS San Diego'!R$4,$O23>='LCS San Diego'!R$4)),"CO",IF((AND($P23<='LCS San Diego'!R$4,$Q23>='LCS San Diego'!R$4)),"C",0)))))) -> 0 | S23: =IF((AND($E23<='LCS San Diego'!S$4,$F23>='LCS San Diego'!S$4)),"P/L",IF((AND($H23<='LCS San Diego'!S$4,$I23>='LCS San Diego'!S$4)),"XO",IF((AND($J23<='LCS San Diego'!S$4,$K23>='LCS San Diego'!S$4)),"3",IF((AND($L23<='LCS San Diego'!S$4,$M23>='LCS San Diego'!S$4)),"C",IF((AND($N23<='LCS San Diego'!S$4,$O23>='LCS San Diego'!S$4)),"CO",IF((AND($P23<='LCS San Diego'!S$4,$Q23>='LCS San Diego'!S$4)),"C",0)))))) -> 3 | T23: =IF((AND($E23<='LCS San Diego'!T$4,$F23>='LCS San Diego'!T$4)),"P/L",IF((AND($H23<='LCS San Diego'!T$4,$I23>='LCS San Diego'!T$4)),"XO",IF((AND($J23<='LCS San Diego'!T$4,$K23>='LCS San Diego'!T$4)),"3",IF((AND($L23<='LCS San Diego'!T$4,$M23>='LCS San Diego'!T$4)),"C",IF((AND($N23<='LCS San Diego'!T$4,$O23>='LCS San Diego'!T$4)),"CO",IF((AND($P23<='LCS San Diego'!T$4,$Q23>='LCS San Diego'!T$4)),"C",0)))))) -> 0 | U23: =IF((AND($E23<='LCS San Diego'!U$4,$F23>='LCS San Diego'!U$4)),"P/L",IF((AND($H23<='LCS San Diego'!U$4,$I23>='LCS San Diego'!U$4)),"XO",IF((AND($J23<='LCS San Diego'!U$4,$K23>='LCS San Diego'!U$4)),"3",IF((AND($L23<='LCS San Diego'!U$4,$M23>='LCS San Diego'!U$4)),"C",IF((AND($N23<='LCS San Diego'!U$4,$O23>='LCS San Diego'!U$4)),"CO",IF((AND($P23<='LCS San Diego'!U$4,$Q23>='LCS San Diego'!U$4)),"C",0)))))) -> 0 | V23: =IF((AND($E23<='LCS San Diego'!V$4,$F23>='LCS San Diego'!V$4)),"P/L",IF((AND($H23<='LCS San Diego'!V$4,$I23>='LCS San Diego'!V$4)),"XO",IF((AND($J23<='LCS San Diego'!V$4,$K23>='LCS San Diego'!V$4)),"3",IF((AND($L23<='LCS San Diego'!V$4,$M23>='LCS San Diego'!V$4)),"C",IF((AND($N23<='LCS San Diego'!V$4,$O23>='LCS San Diego'!V$4)),"CO",IF((AND($P23<='LCS San Diego'!V$4,$Q23>='LCS San Diego'!V$4)),"C",0)))))) -> CO | W23: =IF((AND($E23<='LCS San Diego'!W$4,$F23>='LCS San Diego'!W$4)),"P/L",IF((AND($H23<='LCS San Diego'!W$4,$I23>='LCS San Diego'!W$4)),"XO",IF((AND($J23<='LCS San Diego'!W$4,$K23>='LCS San Diego'!W$4)),"3",IF((AND($L23<='LCS San Diego'!W$4,$M23>='LCS San Diego'!W$4)),"C",IF((AND($N23<='LCS San Diego'!W$4,$O23>='LCS San Diego'!W$4)),"CO",IF((AND($P23<='LCS San Diego'!W$4,$Q23>='LCS San Diego'!W$4)),"C",0)))))) -> CO | X23: =IF((AND($E23<='LCS San Diego'!X$4,$F23>='LCS San Diego'!X$4)),"P/L",IF((AND($H23<='LCS San Diego'!X$4,$I23>='LCS San Diego'!X$4)),"XO",IF((AND($J23<='LCS San Diego'!X$4,$K23>='LCS San Diego'!X$4)),"3",IF((AND($L23<='LCS San Diego'!X$4,$M23>='LCS San Diego'!X$4)),"C",IF((AND($N23<='LCS San Diego'!X$4,$O23>='LCS San Diego'!X$4)),"CO",IF((AND($P23<='LCS San Diego'!X$4,$Q23>='LCS San Diego'!X$4)),"C",0)))))) -> CO | Y23: =IF((AND($E23<='LCS San Diego'!Y$4,$F23>='LCS San Diego'!Y$4)),"P/L",IF((AND($H23<='LCS San Diego'!Y$4,$I23>='LCS San Diego'!Y$4)),"XO",IF((AND($J23<='LCS San Diego'!Y$4,$K23>='LCS San Diego'!Y$4)),"3",IF((AND($L23<='LCS San Diego'!Y$4,$M23>='LCS San Diego'!Y$4)),"C",IF((AND($N23<='LCS San Diego'!Y$4,$O23>='LCS San Diego'!Y$4)),"CO",IF((AND($P23<='LCS San Diego'!Y$4,$Q23>='LCS San Diego'!Y$4)),"C",0)))))) -> CO | ... CL23: =IF((AND($E23<='LCS San Diego'!CL$4,$F23>='LCS San Diego'!CL$4)),"P/L",IF((AND($H23<='LCS San Diego'!CL$4,$I23>='LCS San Diego'!CL$4)),"XO",IF((AND($J23<='LCS San Diego'!CL$4,$K23>='LCS San Diego'!CL$4)),"3",IF((AND($L23<='LCS San Diego'!CL$4,$M23>='LCS San Diego'!CL$4)),"C",IF((AND($N23<='LCS San Diego'!CL$4,$O23>='LCS San Diego'!CL$4)),"CO",IF((AND($P23<='LCS San Diego'!CL$4,$Q23>='LCS San Diego'!CL$4)),"C",0)))))) -> 0
A24: 25-4 | B24: 17 | C24: 17 | D24: 1 | H24: 46107 | I24: =IF(H24="",0,DATE(YEAR(H24),MONTH(H24)+B24,DAY(H24))) -> 46625 | J24: =IF(I24="","",(DATE(YEAR(I24),MONTH(I24)+1,DAY(I24)))) -> 46656 | K24: =IF(J24="","",(DATE(YEAR(J24),MONTH(J24)+D24,DAY(J24)))) -> 46686 | L24: =IF(N24="","",DATE(YEAR(N24), MONTH(N24)-1,DAY(N24))) -> 46717 | M24: =IF(N24="","",DATE(YEAR(L24),MONTH(L24),DAY(L24))) -> 46717 | N24: =IF(K24="","",(DATE(YEAR(K24),MONTH(K24)+2,DAY(K24)))) -> 46747 | O24: =IF(N24="","",(DATE(YEAR(N24),MONTH(N24)+C24,DAY(N24)))) -> 47264 | P24: =IF(O24="","",DATE(YEAR(O24), MONTH(O24)+1,DAY(O24))) -> 47295 | Q24: =IF(O24="","",DATE(YEAR(P24),MONTH(P24),DAY(P24))) -> 47295
A25: 27-2 | B25: 17 | C25: 17 | D25: 1 | H25: 46625 | I25: =IF(H25="",0,DATE(YEAR(H25),MONTH(H25)+B25,DAY(H25))) -> 47144 | J25: =IF(I25="","",(DATE(YEAR(I25),MONTH(I25)+1,DAY(I25)))) -> 47175 | K25: =IF(J25="","",(DATE(YEAR(J25),MONTH(J25)+D25,DAY(J25)))) -> 47203 | L25: =IF(N25="","",DATE(YEAR(N25), MONTH(N25)-1,DAY(N25))) -> 47234 | M25: =IF(N25="","",DATE(YEAR(L25),MONTH(L25),DAY(L25))) -> 47234 | N25: =IF(K25="","",(DATE(YEAR(K25),MONTH(K25)+2,DAY(K25)))) -> 47264 | O25: =IF(N25="","",(DATE(YEAR(N25),MONTH(N25)+C25,DAY(N25)))) -> 47782 | P25: =IF(O25="","",DATE(YEAR(O25), MONTH(O25)+1,DAY(O25))) -> 47813 | Q25: =IF(O25="","",DATE(YEAR(P25),MONTH(P25),DAY(P25))) -> 47813
A26: PIERRE (LCS 38) - 20267 | R26: ='LCS San Diego'!$A$2-DAY('LCS San Diego'!$A$2)+1 -> 46054 | S26: =DATE(YEAR(R26),MONTH(R26)+1,DAY(R26)) -> 46082 | T26: =DATE(YEAR(S26),MONTH(S26)+1,DAY(S26)) -> 46113 | U26: =DATE(YEAR(T26),MONTH(T26)+1,DAY(T26)) -> 46143 | V26: =DATE(YEAR(U26),MONTH(U26)+1,DAY(U26)) -> 46174 | W26: =DATE(YEAR(V26),MONTH(V26)+1,DAY(V26)) -> 46204 | X26: =DATE(YEAR(W26),MONTH(W26)+1,DAY(W26)) -> 46235 | Y26: =DATE(YEAR(X26),MONTH(X26)+1,DAY(X26)) -> 46266 | Z26: =DATE(YEAR(Y26),MONTH(Y26)+1,DAY(Y26)) -> 46296 | ... CL26: =DATE(YEAR(CK26),MONTH(CK26)+1,DAY(CK26)) -> 48245
A27: Guernsey, Justin (CO) (OIC) | B27: 0 | C27: 20 | D27: 1 | G27: =F27-E27 -> 0 | J27: =IF(I27="","",(DATE(YEAR(I27),MONTH(I27)+1,DAY(I27)))) | K27: =IF(J27="","",(DATE(YEAR(J27),MONTH(J27)+D27,DAY(J27)))) | N27: 45467 | O27: 45863 | P27: 46199 | Q27: 46199 | R27: =IF((AND($E27<='LCS San Diego'!R$4,$F27>='LCS San Diego'!R$4)),"P/L",IF((AND($H27<='LCS San Diego'!R$4,$I27>='LCS San Diego'!R$4)),"XO",IF((AND($J27<='LCS San Diego'!R$4,$K27>='LCS San Diego'!R$4)),"3",IF((AND($L27<='LCS San Diego'!R$4,$M27>='LCS San Diego'!R$4)),"C",IF((AND($N27<='LCS San Diego'!R$4,$O27>='LCS San Diego'!R$4)),"CO",IF((AND($P27<='LCS San Diego'!R$4,$Q27>='LCS San Diego'!R$4)),"C",0)))))) -> 0 | S27: =IF((AND($E27<='LCS San Diego'!S$4,$F27>='LCS San Diego'!S$4)),"P/L",IF((AND($H27<='LCS San Diego'!S$4,$I27>='LCS San Diego'!S$4)),"XO",IF((AND($J27<='LCS San Diego'!S$4,$K27>='LCS San Diego'!S$4)),"3",IF((AND($L27<='LCS San Diego'!S$4,$M27>='LCS San Diego'!S$4)),"C",IF((AND($N27<='LCS San Diego'!S$4,$O27>='LCS San Diego'!S$4)),"CO",IF((AND($P27<='LCS San Diego'!S$4,$Q27>='LCS San Diego'!S$4)),"C",0)))))) -> 0 | T27: =IF((AND($E27<='LCS San Diego'!T$4,$F27>='LCS San Diego'!T$4)),"P/L",IF((AND($H27<='LCS San Diego'!T$4,$I27>='LCS San Diego'!T$4)),"XO",IF((AND($J27<='LCS San Diego'!T$4,$K27>='LCS San Diego'!T$4)),"3",IF((AND($L27<='LCS San Diego'!T$4,$M27>='LCS San Diego'!T$4)),"C",IF((AND($N27<='LCS San Diego'!T$4,$O27>='LCS San Diego'!T$4)),"CO",IF((AND($P27<='LCS San Diego'!T$4,$Q27>='LCS San Diego'!T$4)),"C",0)))))) -> 0 | U27: =IF((AND($E27<='LCS San Diego'!U$4,$F27>='LCS San Diego'!U$4)),"P/L",IF((AND($H27<='LCS San Diego'!U$4,$I27>='LCS San Diego'!U$4)),"XO",IF((AND($J27<='LCS San Diego'!U$4,$K27>='LCS San Diego'!U$4)),"3",IF((AND($L27<='LCS San Diego'!U$4,$M27>='LCS San Diego'!U$4)),"C",IF((AND($N27<='LCS San Diego'!U$4,$O27>='LCS San Diego'!U$4)),"CO",IF((AND($P27<='LCS San Diego'!U$4,$Q27>='LCS San Diego'!U$4)),"C",0)))))) -> 0 | V27: =IF((AND($E27<='LCS San Diego'!V$4,$F27>='LCS San Diego'!V$4)),"P/L",IF((AND($H27<='LCS San Diego'!V$4,$I27>='LCS San Diego'!V$4)),"XO",IF((AND($J27<='LCS San Diego'!V$4,$K27>='LCS San Diego'!V$4)),"3",IF((AND($L27<='LCS San Diego'!V$4,$M27>='LCS San Diego'!V$4)),"C",IF((AND($N27<='LCS San Diego'!V$4,$O27>='LCS San Diego'!V$4)),"CO",IF((AND($P27<='LCS San Diego'!V$4,$Q27>='LCS San Diego'!V$4)),"C",0)))))) -> 0 | W27: =IF((AND($E27<='LCS San Diego'!W$4,$F27>='LCS San Diego'!W$4)),"P/L",IF((AND($H27<='LCS San Diego'!W$4,$I27>='LCS San Diego'!W$4)),"XO",IF((AND($J27<='LCS San Diego'!W$4,$K27>='LCS San Diego'!W$4)),"3",IF((AND($L27<='LCS San Diego'!W$4,$M27>='LCS San Diego'!W$4)),"C",IF((AND($N27<='LCS San Diego'!W$4,$O27>='LCS San Diego'!W$4)),"CO",IF((AND($P27<='LCS San Diego'!W$4,$Q27>='LCS San Diego'!W$4)),"C",0)))))) -> 0 | X27: =IF((AND($E27<='LCS San Diego'!X$4,$F27>='LCS San Diego'!X$4)),"P/L",IF((AND($H27<='LCS San Diego'!X$4,$I27>='LCS San Diego'!X$4)),"XO",IF((AND($J27<='LCS San Diego'!X$4,$K27>='LCS San Diego'!X$4)),"3",IF((AND($L27<='LCS San Diego'!X$4,$M27>='LCS San Diego'!X$4)),"C",IF((AND($N27<='LCS San Diego'!X$4,$O27>='LCS San Diego'!X$4)),"CO",IF((AND($P27<='LCS San Diego'!X$4,$Q27>='LCS San Diego'!X$4)),"C",0)))))) -> 0 | Y27: =IF((AND($E27<='LCS San Diego'!Y$4,$F27>='LCS San Diego'!Y$4)),"P/L",IF((AND($H27<='LCS San Diego'!Y$4,$I27>='LCS San Diego'!Y$4)),"XO",IF((AND($J27<='LCS San Diego'!Y$4,$K27>='LCS San Diego'!Y$4)),"3",IF((AND($L27<='LCS San Diego'!Y$4,$M27>='LCS San Diego'!Y$4)),"C",IF((AND($N27<='LCS San Diego'!Y$4,$O27>='LCS San Diego'!Y$4)),"CO",IF((AND($P27<='LCS San Diego'!Y$4,$Q27>='LCS San Diego'!Y$4)),"C",0)))))) -> 0 | ... CL27: =IF((AND($E27<='LCS San Diego'!CL$4,$F27>='LCS San Diego'!CL$4)),"P/L",IF((AND($H27<='LCS San Diego'!CL$4,$I27>='LCS San Diego'!CL$4)),"XO",IF((AND($J27<='LCS San Diego'!CL$4,$K27>='LCS San Diego'!CL$4)),"3",IF((AND($L27<='LCS San Diego'!CL$4,$M27>='LCS San Diego'!CL$4)),"C",IF((AND($N27<='LCS San Diego'!CL$4,$O27>='LCS San Diego'!CL$4)),"CO",IF((AND($P27<='LCS San Diego'!CL$4,$Q27>='LCS San Diego'!CL$4)),"C",0)))))) -> 0
A28: Munji, Audrey (24-2) | B28: 17 | C28: 16 | D28: 1 | G28: =F28-E28 -> 0 | H28: 45589 | I28: =IF(H28="",0,DATE(YEAR(H28),MONTH(H28)+B28,DAY(H28))) -> 46105 | J28: =IF(I28="","",(DATE(YEAR(I28),MONTH(I28)+1,DAY(I28)))) -> 46136 | K28: =IF(J28="","",(DATE(YEAR(J28),MONTH(J28)+D28,DAY(J28)))) -> 46166 | L28: =IF(N28="","",DATE(YEAR(N28), MONTH(N28)-1,DAY(N28))) -> 46197 | M28: =IF(N28="","",DATE(YEAR(L28),MONTH(L28),DAY(L28))) -> 46197 | N28: =IF(K28="","",(DATE(YEAR(K28),MONTH(K28)+2,DAY(K28)))) -> 46227 | O28: =IF(N28="","",(DATE(YEAR(N28),MONTH(N28)+C28,DAY(N28)))) -> 46715 | P28: =IF(O28="","",DATE(YEAR(O28), MONTH(O28)+1,DAY(O28))) -> 46745 | Q28: =IF(O28="","",DATE(YEAR(P28),MONTH(P28),DAY(P28))) -> 46745 | R28: =IF((AND($E28<='LCS San Diego'!R$4,$F28>='LCS San Diego'!R$4)),"P/L",IF((AND($H28<='LCS San Diego'!R$4,$I28>='LCS San Diego'!R$4)),"XO",IF((AND($J28<='LCS San Diego'!R$4,$K28>='LCS San Diego'!R$4)),"3",IF((AND($L28<='LCS San Diego'!R$4,$M28>='LCS San Diego'!R$4)),"C",IF((AND($N28<='LCS San Diego'!R$4,$O28>='LCS San Diego'!R$4)),"CO",IF((AND($P28<='LCS San Diego'!R$4,$Q28>='LCS San Diego'!R$4)),"C",0)))))) -> XO | S28: =IF((AND($E28<='LCS San Diego'!S$4,$F28>='LCS San Diego'!S$4)),"P/L",IF((AND($H28<='LCS San Diego'!S$4,$I28>='LCS San Diego'!S$4)),"XO",IF((AND($J28<='LCS San Diego'!S$4,$K28>='LCS San Diego'!S$4)),"3",IF((AND($L28<='LCS San Diego'!S$4,$M28>='LCS San Diego'!S$4)),"C",IF((AND($N28<='LCS San Diego'!S$4,$O28>='LCS San Diego'!S$4)),"CO",IF((AND($P28<='LCS San Diego'!S$4,$Q28>='LCS San Diego'!S$4)),"C",0)))))) -> XO | T28: =IF((AND($E28<='LCS San Diego'!T$4,$F28>='LCS San Diego'!T$4)),"P/L",IF((AND($H28<='LCS San Diego'!T$4,$I28>='LCS San Diego'!T$4)),"XO",IF((AND($J28<='LCS San Diego'!T$4,$K28>='LCS San Diego'!T$4)),"3",IF((AND($L28<='LCS San Diego'!T$4,$M28>='LCS San Diego'!T$4)),"C",IF((AND($N28<='LCS San Diego'!T$4,$O28>='LCS San Diego'!T$4)),"CO",IF((AND($P28<='LCS San Diego'!T$4,$Q28>='LCS San Diego'!T$4)),"C",0)))))) -> 0 | U28: =IF((AND($E28<='LCS San Diego'!U$4,$F28>='LCS San Diego'!U$4)),"P/L",IF((AND($H28<='LCS San Diego'!U$4,$I28>='LCS San Diego'!U$4)),"XO",IF((AND($J28<='LCS San Diego'!U$4,$K28>='LCS San Diego'!U$4)),"3",IF((AND($L28<='LCS San Diego'!U$4,$M28>='LCS San Diego'!U$4)),"C",IF((AND($N28<='LCS San Diego'!U$4,$O28>='LCS San Diego'!U$4)),"CO",IF((AND($P28<='LCS San Diego'!U$4,$Q28>='LCS San Diego'!U$4)),"C",0)))))) -> 3 | V28: =IF((AND($E28<='LCS San Diego'!V$4,$F28>='LCS San Diego'!V$4)),"P/L",IF((AND($H28<='LCS San Diego'!V$4,$I28>='LCS San Diego'!V$4)),"XO",IF((AND($J28<='LCS San Diego'!V$4,$K28>='LCS San Diego'!V$4)),"3",IF((AND($L28<='LCS San Diego'!V$4,$M28>='LCS San Diego'!V$4)),"C",IF((AND($N28<='LCS San Diego'!V$4,$O28>='LCS San Diego'!V$4)),"CO",IF((AND($P28<='LCS San Diego'!V$4,$Q28>='LCS San Diego'!V$4)),"C",0)))))) -> 0 | W28: =IF((AND($E28<='LCS San Diego'!W$4,$F28>='LCS San Diego'!W$4)),"P/L",IF((AND($H28<='LCS San Diego'!W$4,$I28>='LCS San Diego'!W$4)),"XO",IF((AND($J28<='LCS San Diego'!W$4,$K28>='LCS San Diego'!W$4)),"3",IF((AND($L28<='LCS San Diego'!W$4,$M28>='LCS San Diego'!W$4)),"C",IF((AND($N28<='LCS San Diego'!W$4,$O28>='LCS San Diego'!W$4)),"CO",IF((AND($P28<='LCS San Diego'!W$4,$Q28>='LCS San Diego'!W$4)),"C",0)))))) -> 0 | X28: =IF((AND($E28<='LCS San Diego'!X$4,$F28>='LCS San Diego'!X$4)),"P/L",IF((AND($H28<='LCS San Diego'!X$4,$I28>='LCS San Diego'!X$4)),"XO",IF((AND($J28<='LCS San Diego'!X$4,$K28>='LCS San Diego'!X$4)),"3",IF((AND($L28<='LCS San Diego'!X$4,$M28>='LCS San Diego'!X$4)),"C",IF((AND($N28<='LCS San Diego'!X$4,$O28>='LCS San Diego'!X$4)),"CO",IF((AND($P28<='LCS San Diego'!X$4,$Q28>='LCS San Diego'!X$4)),"C",0)))))) -> CO | Y28: =IF((AND($E28<='LCS San Diego'!Y$4,$F28>='LCS San Diego'!Y$4)),"P/L",IF((AND($H28<='LCS San Diego'!Y$4,$I28>='LCS San Diego'!Y$4)),"XO",IF((AND($J28<='LCS San Diego'!Y$4,$K28>='LCS San Diego'!Y$4)),"3",IF((AND($L28<='LCS San Diego'!Y$4,$M28>='LCS San Diego'!Y$4)),"C",IF((AND($N28<='LCS San Diego'!Y$4,$O28>='LCS San Diego'!Y$4)),"CO",IF((AND($P28<='LCS San Diego'!Y$4,$Q28>='LCS San Diego'!Y$4)),"C",0)))))) -> CO | ... CL28: =IF((AND($E28<='LCS San Diego'!CL$4,$F28>='LCS San Diego'!CL$4)),"P/L",IF((AND($H28<='LCS San Diego'!CL$4,$I28>='LCS San Diego'!CL$4)),"XO",IF((AND($J28<='LCS San Diego'!CL$4,$K28>='LCS San Diego'!CL$4)),"3",IF((AND($L28<='LCS San Diego'!CL$4,$M28>='LCS San Diego'!CL$4)),"C",IF((AND($N28<='LCS San Diego'!CL$4,$O28>='LCS San Diego'!CL$4)),"CO",IF((AND($P28<='LCS San Diego'!CL$4,$Q28>='LCS San Diego'!CL$4)),"C",0)))))) -> 0
A29: Crockett, Vatrako (25-3) | B29: 17 | C29: 16 | D29: 1 | G29: =F29-E29 -> 0 | H29: 46229 | I29: =IF(H29="",0,DATE(YEAR(H29),MONTH(H29)+B29,DAY(H29))) -> 46747 | J29: =IF(I29="","",(DATE(YEAR(I29),MONTH(I29)+1,DAY(I29)))) -> 46778 | K29: =IF(J29="","",(DATE(YEAR(J29),MONTH(J29)+D29,DAY(J29)))) -> 46809 | L29: =IF(N29="","",DATE(YEAR(N29), MONTH(N29)-1,DAY(N29))) -> 46838 | M29: =IF(N29="","",DATE(YEAR(L29),MONTH(L29),DAY(L29))) -> 46838 | N29: =IF(K29="","",(DATE(YEAR(K29),MONTH(K29)+2,DAY(K29)))) -> 46869 | O29: =IF(N29="","",(DATE(YEAR(N29),MONTH(N29)+C29,DAY(N29)))) -> 47356 | P29: =IF(O29="","",DATE(YEAR(O29), MONTH(O29)+1,DAY(O29))) -> 47387 | Q29: =IF(O29="","",DATE(YEAR(P29),MONTH(P29),DAY(P29))) -> 47387 | R29: =IF((AND($E29<='LCS San Diego'!R$4,$F29>='LCS San Diego'!R$4)),"P/L",IF((AND($H29<='LCS San Diego'!R$4,$I29>='LCS San Diego'!R$4)),"XO",IF((AND($J29<='LCS San Diego'!R$4,$K29>='LCS San Diego'!R$4)),"3",IF((AND($L29<='LCS San Diego'!R$4,$M29>='LCS San Diego'!R$4)),"C",IF((AND($N29<='LCS San Diego'!R$4,$O29>='LCS San Diego'!R$4)),"CO",IF((AND($P29<='LCS San Diego'!R$4,$Q29>='LCS San Diego'!R$4)),"C",0)))))) -> 0 | S29: =IF((AND($E29<='LCS San Diego'!S$4,$F29>='LCS San Diego'!S$4)),"P/L",IF((AND($H29<='LCS San Diego'!S$4,$I29>='LCS San Diego'!S$4)),"XO",IF((AND($J29<='LCS San Diego'!S$4,$K29>='LCS San Diego'!S$4)),"3",IF((AND($L29<='LCS San Diego'!S$4,$M29>='LCS San Diego'!S$4)),"C",IF((AND($N29<='LCS San Diego'!S$4,$O29>='LCS San Diego'!S$4)),"CO",IF((AND($P29<='LCS San Diego'!S$4,$Q29>='LCS San Diego'!S$4)),"C",0)))))) -> 0 | T29: =IF((AND($E29<='LCS San Diego'!T$4,$F29>='LCS San Diego'!T$4)),"P/L",IF((AND($H29<='LCS San Diego'!T$4,$I29>='LCS San Diego'!T$4)),"XO",IF((AND($J29<='LCS San Diego'!T$4,$K29>='LCS San Diego'!T$4)),"3",IF((AND($L29<='LCS San Diego'!T$4,$M29>='LCS San Diego'!T$4)),"C",IF((AND($N29<='LCS San Diego'!T$4,$O29>='LCS San Diego'!T$4)),"CO",IF((AND($P29<='LCS San Diego'!T$4,$Q29>='LCS San Diego'!T$4)),"C",0)))))) -> 0 | U29: =IF((AND($E29<='LCS San Diego'!U$4,$F29>='LCS San Diego'!U$4)),"P/L",IF((AND($H29<='LCS San Diego'!U$4,$I29>='LCS San Diego'!U$4)),"XO",IF((AND($J29<='LCS San Diego'!U$4,$K29>='LCS San Diego'!U$4)),"3",IF((AND($L29<='LCS San Diego'!U$4,$M29>='LCS San Diego'!U$4)),"C",IF((AND($N29<='LCS San Diego'!U$4,$O29>='LCS San Diego'!U$4)),"CO",IF((AND($P29<='LCS San Diego'!U$4,$Q29>='LCS San Diego'!U$4)),"C",0)))))) -> 0 | V29: =IF((AND($E29<='LCS San Diego'!V$4,$F29>='LCS San Diego'!V$4)),"P/L",IF((AND($H29<='LCS San Diego'!V$4,$I29>='LCS San Diego'!V$4)),"XO",IF((AND($J29<='LCS San Diego'!V$4,$K29>='LCS San Diego'!V$4)),"3",IF((AND($L29<='LCS San Diego'!V$4,$M29>='LCS San Diego'!V$4)),"C",IF((AND($N29<='LCS San Diego'!V$4,$O29>='LCS San Diego'!V$4)),"CO",IF((AND($P29<='LCS San Diego'!V$4,$Q29>='LCS San Diego'!V$4)),"C",0)))))) -> 0 | W29: =IF((AND($E29<='LCS San Diego'!W$4,$F29>='LCS San Diego'!W$4)),"P/L",IF((AND($H29<='LCS San Diego'!W$4,$I29>='LCS San Diego'!W$4)),"XO",IF((AND($J29<='LCS San Diego'!W$4,$K29>='LCS San Diego'!W$4)),"3",IF((AND($L29<='LCS San Diego'!W$4,$M29>='LCS San Diego'!W$4)),"C",IF((AND($N29<='LCS San Diego'!W$4,$O29>='LCS San Diego'!W$4)),"CO",IF((AND($P29<='LCS San Diego'!W$4,$Q29>='LCS San Diego'!W$4)),"C",0)))))) -> 0 | X29: =IF((AND($E29<='LCS San Diego'!X$4,$F29>='LCS San Diego'!X$4)),"P/L",IF((AND($H29<='LCS San Diego'!X$4,$I29>='LCS San Diego'!X$4)),"XO",IF((AND($J29<='LCS San Diego'!X$4,$K29>='LCS San Diego'!X$4)),"3",IF((AND($L29<='LCS San Diego'!X$4,$M29>='LCS San Diego'!X$4)),"C",IF((AND($N29<='LCS San Diego'!X$4,$O29>='LCS San Diego'!X$4)),"CO",IF((AND($P29<='LCS San Diego'!X$4,$Q29>='LCS San Diego'!X$4)),"C",0)))))) -> XO | Y29: =IF((AND($E29<='LCS San Diego'!Y$4,$F29>='LCS San Diego'!Y$4)),"P/L",IF((AND($H29<='LCS San Diego'!Y$4,$I29>='LCS San Diego'!Y$4)),"XO",IF((AND($J29<='LCS San Diego'!Y$4,$K29>='LCS San Diego'!Y$4)),"3",IF((AND($L29<='LCS San Diego'!Y$4,$M29>='LCS San Diego'!Y$4)),"C",IF((AND($N29<='LCS San Diego'!Y$4,$O29>='LCS San Diego'!Y$4)),"CO",IF((AND($P29<='LCS San Diego'!Y$4,$Q29>='LCS San Diego'!Y$4)),"C",0)))))) -> XO | ... CL29: =IF((AND($E29<='LCS San Diego'!CL$4,$F29>='LCS San Diego'!CL$4)),"P/L",IF((AND($H29<='LCS San Diego'!CL$4,$I29>='LCS San Diego'!CL$4)),"XO",IF((AND($J29<='LCS San Diego'!CL$4,$K29>='LCS San Diego'!CL$4)),"3",IF((AND($L29<='LCS San Diego'!CL$4,$M29>='LCS San Diego'!CL$4)),"C",IF((AND($N29<='LCS San Diego'!CL$4,$O29>='LCS San Diego'!CL$4)),"CO",IF((AND($P29<='LCS San Diego'!CL$4,$Q29>='LCS San Diego'!CL$4)),"C",0)))))) -> 0
A30: 27-1 | B30: 17 | C30: 16 | D30: 1 | G30: =F30-E30 -> 0 | H30: 46625 | I30: =IF(H30="",0,DATE(YEAR(H30),MONTH(H30)+B30,DAY(H30))) -> 47144 | J30: =IF(I30="","",(DATE(YEAR(I30),MONTH(I30)+1,DAY(I30)))) -> 47175 | K30: =IF(J30="","",(DATE(YEAR(J30),MONTH(J30)+D30,DAY(J30)))) -> 47203 | L30: =IF(N30="","",DATE(YEAR(N30), MONTH(N30)-1,DAY(N30))) -> 47234 | M30: =IF(N30="","",DATE(YEAR(L30),MONTH(L30),DAY(L30))) -> 47234 | N30: =IF(K30="","",(DATE(YEAR(K30),MONTH(K30)+2,DAY(K30)))) -> 47264 | O30: =IF(N30="","",(DATE(YEAR(N30),MONTH(N30)+C30,DAY(N30)))) -> 47752 | P30: =IF(O30="","",DATE(YEAR(O30), MONTH(O30)+1,DAY(O30))) -> 47782 | Q30: =IF(O30="","",DATE(YEAR(P30),MONTH(P30),DAY(P30))) -> 47782 | R30: =IF((AND($E30<='LCS San Diego'!R$4,$F30>='LCS San Diego'!R$4)),"P/L",IF((AND($H30<='LCS San Diego'!R$4,$I30>='LCS San Diego'!R$4)),"XO",IF((AND($J30<='LCS San Diego'!R$4,$K30>='LCS San Diego'!R$4)),"3",IF((AND($L30<='LCS San Diego'!R$4,$M30>='LCS San Diego'!R$4)),"C",IF((AND($N30<='LCS San Diego'!R$4,$O30>='LCS San Diego'!R$4)),"CO",IF((AND($P30<='LCS San Diego'!R$4,$Q30>='LCS San Diego'!R$4)),"C",0)))))) -> 0 | S30: =IF((AND($E30<='LCS San Diego'!S$4,$F30>='LCS San Diego'!S$4)),"P/L",IF((AND($H30<='LCS San Diego'!S$4,$I30>='LCS San Diego'!S$4)),"XO",IF((AND($J30<='LCS San Diego'!S$4,$K30>='LCS San Diego'!S$4)),"3",IF((AND($L30<='LCS San Diego'!S$4,$M30>='LCS San Diego'!S$4)),"C",IF((AND($N30<='LCS San Diego'!S$4,$O30>='LCS San Diego'!S$4)),"CO",IF((AND($P30<='LCS San Diego'!S$4,$Q30>='LCS San Diego'!S$4)),"C",0)))))) -> 0 | T30: =IF((AND($E30<='LCS San Diego'!T$4,$F30>='LCS San Diego'!T$4)),"P/L",IF((AND($H30<='LCS San Diego'!T$4,$I30>='LCS San Diego'!T$4)),"XO",IF((AND($J30<='LCS San Diego'!T$4,$K30>='LCS San Diego'!T$4)),"3",IF((AND($L30<='LCS San Diego'!T$4,$M30>='LCS San Diego'!T$4)),"C",IF((AND($N30<='LCS San Diego'!T$4,$O30>='LCS San Diego'!T$4)),"CO",IF((AND($P30<='LCS San Diego'!T$4,$Q30>='LCS San Diego'!T$4)),"C",0)))))) -> 0 | U30: =IF((AND($E30<='LCS San Diego'!U$4,$F30>='LCS San Diego'!U$4)),"P/L",IF((AND($H30<='LCS San Diego'!U$4,$I30>='LCS San Diego'!U$4)),"XO",IF((AND($J30<='LCS San Diego'!U$4,$K30>='LCS San Diego'!U$4)),"3",IF((AND($L30<='LCS San Diego'!U$4,$M30>='LCS San Diego'!U$4)),"C",IF((AND($N30<='LCS San Diego'!U$4,$O30>='LCS San Diego'!U$4)),"CO",IF((AND($P30<='LCS San Diego'!U$4,$Q30>='LCS San Diego'!U$4)),"C",0)))))) -> 0 | V30: =IF((AND($E30<='LCS San Diego'!V$4,$F30>='LCS San Diego'!V$4)),"P/L",IF((AND($H30<='LCS San Diego'!V$4,$I30>='LCS San Diego'!V$4)),"XO",IF((AND($J30<='LCS San Diego'!V$4,$K30>='LCS San Diego'!V$4)),"3",IF((AND($L30<='LCS San Diego'!V$4,$M30>='LCS San Diego'!V$4)),"C",IF((AND($N30<='LCS San Diego'!V$4,$O30>='LCS San Diego'!V$4)),"CO",IF((AND($P30<='LCS San Diego'!V$4,$Q30>='LCS San Diego'!V$4)),"C",0)))))) -> 0 | W30: =IF((AND($E30<='LCS San Diego'!W$4,$F30>='LCS San Diego'!W$4)),"P/L",IF((AND($H30<='LCS San Diego'!W$4,$I30>='LCS San Diego'!W$4)),"XO",IF((AND($J30<='LCS San Diego'!W$4,$K30>='LCS San Diego'!W$4)),"3",IF((AND($L30<='LCS San Diego'!W$4,$M30>='LCS San Diego'!W$4)),"C",IF((AND($N30<='LCS San Diego'!W$4,$O30>='LCS San Diego'!W$4)),"CO",IF((AND($P30<='LCS San Diego'!W$4,$Q30>='LCS San Diego'!W$4)),"C",0)))))) -> 0 | X30: =IF((AND($E30<='LCS San Diego'!X$4,$F30>='LCS San Diego'!X$4)),"P/L",IF((AND($H30<='LCS San Diego'!X$4,$I30>='LCS San Diego'!X$4)),"XO",IF((AND($J30<='LCS San Diego'!X$4,$K30>='LCS San Diego'!X$4)),"3",IF((AND($L30<='LCS San Diego'!X$4,$M30>='LCS San Diego'!X$4)),"C",IF((AND($N30<='LCS San Diego'!X$4,$O30>='LCS San Diego'!X$4)),"CO",IF((AND($P30<='LCS San Diego'!X$4,$Q30>='LCS San Diego'!X$4)),"C",0)))))) -> 0 | Y30: =IF((AND($E30<='LCS San Diego'!Y$4,$F30>='LCS San Diego'!Y$4)),"P/L",IF((AND($H30<='LCS San Diego'!Y$4,$I30>='LCS San Diego'!Y$4)),"XO",IF((AND($J30<='LCS San Diego'!Y$4,$K30>='LCS San Diego'!Y$4)),"3",IF((AND($L30<='LCS San Diego'!Y$4,$M30>='LCS San Diego'!Y$4)),"C",IF((AND($N30<='LCS San Diego'!Y$4,$O30>='LCS San Diego'!Y$4)),"CO",IF((AND($P30<='LCS San Diego'!Y$4,$Q30>='LCS San Diego'!Y$4)),"C",0)))))) -> 0 | ... CL30: =IF((AND($E30<='LCS San Diego'!CL$4,$F30>='LCS San Diego'!CL$4)),"P/L",IF((AND($H30<='LCS San Diego'!CL$4,$I30>='LCS San Diego'!CL$4)),"XO",IF((AND($J30<='LCS San Diego'!CL$4,$K30>='LCS San Diego'!CL$4)),"3",IF((AND($L30<='LCS San Diego'!CL$4,$M30>='LCS San Diego'!CL$4)),"C",IF((AND($N30<='LCS San Diego'!CL$4,$O30>='LCS San Diego'!CL$4)),"CO",IF((AND($P30<='LCS San Diego'!CL$4,$Q30>='LCS San Diego'!CL$4)),"C",0)))))) -> 0

Sheet Everett
A2: =TODAY() -> 46066 | S2: =YEAR(Yokosuka!#REF!) -> #REF! | T2: =YEAR(Yokosuka!#REF!) -> #REF! | U2: =YEAR(Yokosuka!#REF!) -> #REF! | V2: =YEAR(Yokosuka!#REF!) -> #REF! | W2: =YEAR(Yokosuka!#REF!) -> #REF! | X2: =YEAR(Yokosuka!#REF!) -> #REF! | Y2: =YEAR(Yokosuka!#REF!) -> #REF! | Z2: =YEAR(Yokosuka!#REF!) -> #REF! | ... CM2: =YEAR(Yokosuka!#REF!) -> #REF!
A3: SHIP | B3: Lineal | C3: XO TL | D3: CO TL | E3: TOL | F3: P/L | H3: DAYS | I3: XO | K3: T.O. | M3: COC | O3: CO | Q3: COC | S3: =RIGHT(YEAR(Yokosuka!#REF!),2)+(MONTH(Yokosuka!#REF!)>=10)&"-"&INT(1+MOD(MONTH(Yokosuka!#REF!)-10,12)/3) -> NaN | T3: =RIGHT(YEAR(Yokosuka!#REF!),2)+(MONTH(Yokosuka!#REF!)>=10)&"-"&INT(1+MOD(MONTH(Yokosuka!#REF!)-10,12)/3) -> NaN | U3: =RIGHT(YEAR(Yokosuka!#REF!),2)+(MONTH(Yokosuka!#REF!)>=10)&"-"&INT(1+MOD(MONTH(Yokosuka!#REF!)-10,12)/3) -> NaN | V3: =RIGHT(YEAR(Yokosuka!#REF!),2)+(MONTH(Yokosuka!#REF!)>=10)&"-"&INT(1+MOD(MONTH(Yokosuka!#REF!)-10,12)/3) -> NaN | W3: =RIGHT(YEAR(Yokosuka!#REF!),2)+(MONTH(Yokosuka!#REF!)>=10)&"-"&INT(1+MOD(MONTH(Yokosuka!#REF!)-10,12)/3) -> NaN | X3: =RIGHT(YEAR(Yokosuka!#REF!),2)+(MONTH(Yokosuka!#REF!)>=10)&"-"&INT(1+MOD(MONTH(Yokosuka!#REF!)-10,12)/3) -> NaN | Y3: =RIGHT(YEAR(Yokosuka!#REF!),2)+(MONTH(Yokosuka!#REF!)>=10)&"-"&INT(1+MOD(MONTH(Yokosuka!#REF!)-10,12)/3) -> NaN | Z3: =RIGHT(YEAR(Yokosuka!#REF!),2)+(MONTH(Yokosuka!#REF!)>=10)&"-"&INT(1+MOD(MONTH(Yokosuka!#REF!)-10,12)/3) -> NaN | ... CM3: =RIGHT(YEAR(Yokosuka!#REF!),2)+(MONTH(Yokosuka!#REF!)>=10)&"-"&INT(1+MOD(MONTH(Yokosuka!#REF!)-10,12)/3) -> NaN
A4: BARRY (DDG 52) - 21660 | S4: =Yokosuka!$A$2-DAY(Yokosuka!$A$2)+1 -> 46054 | T4: =DATE(YEAR(S4),MONTH(S4)+1,DAY(S4)) -> 46082 | U4: =DATE(YEAR(T4),MONTH(T4)+1,DAY(T4)) -> 46113 | V4: =DATE(YEAR(U4),MONTH(U4)+1,DAY(U4)) -> 46143 | W4: =DATE(YEAR(V4),MONTH(V4)+1,DAY(V4)) -> 46174 | X4: =DATE(YEAR(W4),MONTH(W4)+1,DAY(W4)) -> 46204 | Y4: =DATE(YEAR(X4),MONTH(X4)+1,DAY(X4)) -> 46235 | Z4: =DATE(YEAR(Y4),MONTH(Y4)+1,DAY(Y4)) -> 46266 | AA4: =DATE(YEAR(Z4),MONTH(Z4)+1,DAY(Z4)) -> 46296 | ... CM4: =DATE(YEAR(CL4),MONTH(CL4)+1,DAY(CL4)) -> 48245
A5: YOUNG ROGER LEE | B5: YOUNG ROGER LEE | C5: 19 | D5: 16 | E5: 1 | H5: =G5-F5 -> 0 | I5: 45504 | J5: =IF(I5="",0,DATE(YEAR(I5),MONTH(I5)+C5,DAY(I5))) -> 45505 | K5: =IF(J5="","",(DATE(YEAR(J5),MONTH(J5)+1,DAY(J5)))) -> 45536 | L5: =IF(K5="","",(DATE(YEAR(K5),MONTH(K5)+E5,DAY(K5)))) -> 45566 | M5: =IF(O5="","",DATE(YEAR(O5), MONTH(O5)-1,DAY(O5))) -> 45597 | N5: =IF(O5="","",DATE(YEAR(M5),MONTH(M5),DAY(M5))) -> 45597 | O5: =IF(L5="","",(DATE(YEAR(L5),MONTH(L5)+2,DAY(L5)))) -> 45627 | P5: =IF(O5="","",(DATE(YEAR(O5),MONTH(O5)+D5,DAY(O5)))) -> 46113 | Q5: =IF(P5="","",DATE(YEAR(P5), MONTH(P5)+1,DAY(P5))) -> 46143 | R5: =IF(P5="","",DATE(YEAR(Q5),MONTH(Q5),DAY(Q5))) -> 46143 | S5: =IF((AND($F5<=S$4,$G5>=S$4)),"P/L",IF((AND($I5<=S$4,$J5>=S$4)),"XO",IF((AND($K5<=S$4,$L5>=S$4)),"3",IF((AND($M5<=S$4,$N5>=S$4)),"C",IF((AND($O5<=S$4,$P5>=S$4)),"CO",IF((AND($Q5<=S$4,$R5>=S$4)),"C",0)))))) -> CO | T5: =IF((AND($F5<=T$4,$G5>=T$4)),"P/L",IF((AND($I5<=T$4,$J5>=T$4)),"XO",IF((AND($K5<=T$4,$L5>=T$4)),"3",IF((AND($M5<=T$4,$N5>=T$4)),"C",IF((AND($O5<=T$4,$P5>=T$4)),"CO",IF((AND($Q5<=T$4,$R5>=T$4)),"C",0)))))) -> CO | U5: =IF((AND($F5<=U$4,$G5>=U$4)),"P/L",IF((AND($I5<=U$4,$J5>=U$4)),"XO",IF((AND($K5<=U$4,$L5>=U$4)),"3",IF((AND($M5<=U$4,$N5>=U$4)),"C",IF((AND($O5<=U$4,$P5>=U$4)),"CO",IF((AND($Q5<=U$4,$R5>=U$4)),"C",0)))))) -> CO | V5: =IF((AND($F5<=V$4,$G5>=V$4)),"P/L",IF((AND($I5<=V$4,$J5>=V$4)),"XO",IF((AND($K5<=V$4,$L5>=V$4)),"3",IF((AND($M5<=V$4,$N5>=V$4)),"C",IF((AND($O5<=V$4,$P5>=V$4)),"CO",IF((AND($Q5<=V$4,$R5>=V$4)),"C",0)))))) -> C | W5: =IF((AND($F5<=W$4,$G5>=W$4)),"P/L",IF((AND($I5<=W$4,$J5>=W$4)),"XO",IF((AND($K5<=W$4,$L5>=W$4)),"3",IF((AND($M5<=W$4,$N5>=W$4)),"C",IF((AND($O5<=W$4,$P5>=W$4)),"CO",IF((AND($Q5<=W$4,$R5>=W$4)),"C",0)))))) -> 0 | X5: =IF((AND($F5<=X$4,$G5>=X$4)),"P/L",IF((AND($I5<=X$4,$J5>=X$4)),"XO",IF((AND($K5<=X$4,$L5>=X$4)),"3",IF((AND($M5<=X$4,$N5>=X$4)),"C",IF((AND($O5<=X$4,$P5>=X$4)),"CO",IF((AND($Q5<=X$4,$R5>=X$4)),"C",0)))))) -> 0 | Y5: =IF((AND($F5<=Y$4,$G5>=Y$4)),"P/L",IF((AND($I5<=Y$4,$J5>=Y$4)),"XO",IF((AND($K5<=Y$4,$L5>=Y$4)),"3",IF((AND($M5<=Y$4,$N5>=Y$4)),"C",IF((AND($O5<=Y$4,$P5>=Y$4)),"CO",IF((AND($Q5<=Y$4,$R5>=Y$4)),"C",0)))))) -> 0 | Z5: =IF((AND($F5<=Z$4,$G5>=Z$4)),"P/L",IF((AND($I5<=Z$4,$J5>=Z$4)),"XO",IF((AND($K5<=Z$4,$L5>=Z$4)),"3",IF((AND($M5<=Z$4,$N5>=Z$4)),"C",IF((AND($O5<=Z$4,$P5>=Z$4)),"CO",IF((AND($Q5<=Z$4,$R5>=Z$4)),"C",0)))))) -> 0 | ... CM5: =IF((AND($F5<=CM$4,$G5>=CM$4)),"P/L",IF((AND($I5<=CM$4,$J5>=CM$4)),"XO",IF((AND($K5<=CM$4,$L5>=CM$4)),"3",IF((AND($M5<=CM$4,$N5>=CM$4)),"C",IF((AND($O5<=CM$4,$P5>=CM$4)),"CO",IF((AND($Q5<=CM$4,$R5>=CM$4)),"C",0)))))) -> 0
A6: SULLIVAN KYLE A | B6: SULLIVAN KYLE A | C6: 17 | D6: 16 | E6: 2 | H6: =G6-F6 -> 0 | I6: 46053 | J6: =IF(I6="",0,DATE(YEAR(I6),MONTH(I6)+C6,DAY(I6))) -> 46054 | K6: =IF(J6="","",(DATE(YEAR(J6),MONTH(J6)+1,DAY(J6)))) -> 46082 | L6: =IF(K6="","",(DATE(YEAR(K6),MONTH(K6)+E6,DAY(K6)))) -> 46143 | M6: =IF(O6="","",DATE(YEAR(O6), MONTH(O6)-1,DAY(O6))) -> 46174 | N6: =IF(O6="","",DATE(YEAR(M6),MONTH(M6),DAY(M6))) -> 46174 | O6: =IF(L6="","",(DATE(YEAR(L6),MONTH(L6)+2,DAY(L6)))) -> 46204 | P6: =IF(O6="","",(DATE(YEAR(O6),MONTH(O6)+D6,DAY(O6)))) -> 46692 | Q6: =IF(P6="","",DATE(YEAR(P6), MONTH(P6)+1,DAY(P6))) -> 46722 | R6: =IF(P6="","",DATE(YEAR(Q6),MONTH(Q6),DAY(Q6))) -> 46722 | S6: =IF((AND($F6<=S$10,$G6>=S$10)),"P/L",IF((AND($I6<=S$10,$J6>=S$10)),"XO",IF((AND($K6<=S$10,$L6>=S$10)),"3",IF((AND($M6<=S$10,$N6>=S$10)),"C",IF((AND($O6<=S$10,$P6>=S$10)),"CO",IF((AND($Q6<=S$10,$R6>=S$10)),"C",0)))))) -> XO | T6: =IF((AND($F6<=T$10,$G6>=T$10)),"P/L",IF((AND($I6<=T$10,$J6>=T$10)),"XO",IF((AND($K6<=T$10,$L6>=T$10)),"3",IF((AND($M6<=T$10,$N6>=T$10)),"C",IF((AND($O6<=T$10,$P6>=T$10)),"CO",IF((AND($Q6<=T$10,$R6>=T$10)),"C",0)))))) -> 3 | U6: =IF((AND($F6<=U$10,$G6>=U$10)),"P/L",IF((AND($I6<=U$10,$J6>=U$10)),"XO",IF((AND($K6<=U$10,$L6>=U$10)),"3",IF((AND($M6<=U$10,$N6>=U$10)),"C",IF((AND($O6<=U$10,$P6>=U$10)),"CO",IF((AND($Q6<=U$10,$R6>=U$10)),"C",0)))))) -> 3 | V6: =IF((AND($F6<=V$10,$G6>=V$10)),"P/L",IF((AND($I6<=V$10,$J6>=V$10)),"XO",IF((AND($K6<=V$10,$L6>=V$10)),"3",IF((AND($M6<=V$10,$N6>=V$10)),"C",IF((AND($O6<=V$10,$P6>=V$10)),"CO",IF((AND($Q6<=V$10,$R6>=V$10)),"C",0)))))) -> 3 | W6: =IF((AND($F6<=W$10,$G6>=W$10)),"P/L",IF((AND($I6<=W$10,$J6>=W$10)),"XO",IF((AND($K6<=W$10,$L6>=W$10)),"3",IF((AND($M6<=W$10,$N6>=W$10)),"C",IF((AND($O6<=W$10,$P6>=W$10)),"CO",IF((AND($Q6<=W$10,$R6>=W$10)),"C",0)))))) -> C | X6: =IF((AND($F6<=X$10,$G6>=X$10)),"P/L",IF((AND($I6<=X$10,$J6>=X$10)),"XO",IF((AND($K6<=X$10,$L6>=X$10)),"3",IF((AND($M6<=X$10,$N6>=X$10)),"C",IF((AND($O6<=X$10,$P6>=X$10)),"CO",IF((AND($Q6<=X$10,$R6>=X$10)),"C",0)))))) -> CO | Y6: =IF((AND($F6<=Y$10,$G6>=Y$10)),"P/L",IF((AND($I6<=Y$10,$J6>=Y$10)),"XO",IF((AND($K6<=Y$10,$L6>=Y$10)),"3",IF((AND($M6<=Y$10,$N6>=Y$10)),"C",IF((AND($O6<=Y$10,$P6>=Y$10)),"CO",IF((AND($Q6<=Y$10,$R6>=Y$10)),"C",0)))))) -> CO | Z6: =IF((AND($F6<=Z$10,$G6>=Z$10)),"P/L",IF((AND($I6<=Z$10,$J6>=Z$10)),"XO",IF((AND($K6<=Z$10,$L6>=Z$10)),"3",IF((AND($M6<=Z$10,$N6>=Z$10)),"C",IF((AND($O6<=Z$10,$P6>=Z$10)),"CO",IF((AND($Q6<=Z$10,$R6>=Z$10)),"C",0)))))) -> CO | ... CM6: =IF((AND($F6<=CM$10,$G6>=CM$10)),"P/L",IF((AND($I6<=CM$10,$J6>=CM$10)),"XO",IF((AND($K6<=CM$10,$L6>=CM$10)),"3",IF((AND($M6<=CM$10,$N6>=CM$10)),"C",IF((AND($O6<=CM$10,$P6>=CM$10)),"CO",IF((AND($Q6<=CM$10,$R6>=CM$10)),"C",0)))))) -> 0
A7: Gans, Chris | B7: ARNOLD STEPHEN L | C7: 17 | D7: 16 | E7: 1 | H7: =G7-F7 -> 0 | I7: MAY26 | J7: =IF(I7="",0,DATE(YEAR(I7),MONTH(I7)+C7,DAY(I7))) -> 46083 | K7: =IF(J7="","",(DATE(YEAR(J7),MONTH(J7)+1,DAY(J7)))) -> 46114 | L7: =IF(K7="","",(DATE(YEAR(K7),MONTH(K7)+E7,DAY(K7)))) -> 46144 | M7: =IF(O7="","",DATE(YEAR(O7), MONTH(O7)-1,DAY(O7))) -> 46175 | N7: =IF(O7="","",DATE(YEAR(M7),MONTH(M7),DAY(M7))) -> 46175 | O7: =IF(L7="","",(DATE(YEAR(L7),MONTH(L7)+2,DAY(L7)))) -> 46205 | P7: =IF(O7="","",(DATE(YEAR(O7),MONTH(O7)+D7,DAY(O7)))) -> 46693 | Q7: =IF(P7="","",DATE(YEAR(P7), MONTH(P7)+1,DAY(P7))) -> 46723 | R7: =IF(P7="","",DATE(YEAR(Q7),MONTH(Q7),DAY(Q7))) -> 46723 | S7: =IF((AND($F7<=S$4,$G7>=S$4)),"P/L",IF((AND($I7<=S$4,$J7>=S$4)),"XO",IF((AND($K7<=S$4,$L7>=S$4)),"3",IF((AND($M7<=S$4,$N7>=S$4)),"C",IF((AND($O7<=S$4,$P7>=S$4)),"CO",IF((AND($Q7<=S$4,$R7>=S$4)),"C",0)))))) -> XO | T7: =IF((AND($F7<=T$4,$G7>=T$4)),"P/L",IF((AND($I7<=T$4,$J7>=T$4)),"XO",IF((AND($K7<=T$4,$L7>=T$4)),"3",IF((AND($M7<=T$4,$N7>=T$4)),"C",IF((AND($O7<=T$4,$P7>=T$4)),"CO",IF((AND($Q7<=T$4,$R7>=T$4)),"C",0)))))) -> XO | U7: =IF((AND($F7<=U$4,$G7>=U$4)),"P/L",IF((AND($I7<=U$4,$J7>=U$4)),"XO",IF((AND($K7<=U$4,$L7>=U$4)),"3",IF((AND($M7<=U$4,$N7>=U$4)),"C",IF((AND($O7<=U$4,$P7>=U$4)),"CO",IF((AND($Q7<=U$4,$R7>=U$4)),"C",0)))))) -> 0 | V7: =IF((AND($F7<=V$4,$G7>=V$4)),"P/L",IF((AND($I7<=V$4,$J7>=V$4)),"XO",IF((AND($K7<=V$4,$L7>=V$4)),"3",IF((AND($M7<=V$4,$N7>=V$4)),"C",IF((AND($O7<=V$4,$P7>=V$4)),"CO",IF((AND($Q7<=V$4,$R7>=V$4)),"C",0)))))) -> 3 | W7: =IF((AND($F7<=W$4,$G7>=W$4)),"P/L",IF((AND($I7<=W$4,$J7>=W$4)),"XO",IF((AND($K7<=W$4,$L7>=W$4)),"3",IF((AND($M7<=W$4,$N7>=W$4)),"C",IF((AND($O7<=W$4,$P7>=W$4)),"CO",IF((AND($Q7<=W$4,$R7>=W$4)),"C",0)))))) -> 0 | X7: =IF((AND($F7<=X$4,$G7>=X$4)),"P/L",IF((AND($I7<=X$4,$J7>=X$4)),"XO",IF((AND($K7<=X$4,$L7>=X$4)),"3",IF((AND($M7<=X$4,$N7>=X$4)),"C",IF((AND($O7<=X$4,$P7>=X$4)),"CO",IF((AND($Q7<=X$4,$R7>=X$4)),"C",0)))))) -> 0 | Y7: =IF((AND($F7<=Y$4,$G7>=Y$4)),"P/L",IF((AND($I7<=Y$4,$J7>=Y$4)),"XO",IF((AND($K7<=Y$4,$L7>=Y$4)),"3",IF((AND($M7<=Y$4,$N7>=Y$4)),"C",IF((AND($O7<=Y$4,$P7>=Y$4)),"CO",IF((AND($Q7<=Y$4,$R7>=Y$4)),"C",0)))))) -> CO | Z7: =IF((AND($F7<=Z$4,$G7>=Z$4)),"P/L",IF((AND($I7<=Z$4,$J7>=Z$4)),"XO",IF((AND($K7<=Z$4,$L7>=Z$4)),"3",IF((AND($M7<=Z$4,$N7>=Z$4)),"C",IF((AND($O7<=Z$4,$P7>=Z$4)),"CO",IF((AND($Q7<=Z$4,$R7>=Z$4)),"C",0)))))) -> CO | ... CM7: =IF((AND($F7<=CM$4,$G7>=CM$4)),"P/L",IF((AND($I7<=CM$4,$J7>=CM$4)),"XO",IF((AND($K7<=CM$4,$L7>=CM$4)),"3",IF((AND($M7<=CM$4,$N7>=CM$4)),"C",IF((AND($O7<=CM$4,$P7>=CM$4)),"CO",IF((AND($Q7<=CM$4,$R7>=CM$4)),"C",0)))))) -> 0
A8: ARNOLD STEPHEN L | B8: XO | C8: 17 | D8: 16 | E8: 26-3 | I8: 46143 | J8: =IF(I8="",0,DATE(YEAR(I8),MONTH(I8)+C8,DAY(I8))) -> 46661 | K8: =IF(J8="","",(DATE(YEAR(J8),MONTH(J8)+1,DAY(J8)))) -> 46692 | L8: =IF(K8="","",(DATE(YEAR(K8),MONTH(K8)+E8,DAY(K8)))) -> 46722 | M8: =IF(O8="","",DATE(YEAR(O8), MONTH(O8)-1,DAY(O8))) -> 46753 | N8: =IF(O8="","",DATE(YEAR(M8),MONTH(M8),DAY(M8))) -> 46753 | O8: =IF(L8="","",(DATE(YEAR(L8),MONTH(L8)+2,DAY(L8)))) -> 46784 | P8: =IF(O8="","",(DATE(YEAR(O8),MONTH(O8)+D8,DAY(O8)))) -> 47270 | Q8: =IF(P8="","",DATE(YEAR(P8), MONTH(P8)+1,DAY(P8))) -> 47300 | R8: =IF(P8="","",DATE(YEAR(Q8),MONTH(Q8),DAY(Q8))) -> 47300 | S8: =IF((AND($F8<=Everett!S$4,$G8>=Everett!S$4)),"P/L",IF((AND($I8<=Everett!S$4,$J8>=Everett!S$4)),"XO",IF((AND($K8<=Everett!S$4,$L8>=Everett!S$4)),"3",IF((AND($M8<=Everett!S$4,$N8>=Everett!S$4)),"C",IF((AND($O8<=Everett!S$4,$P8>=Everett!S$4)),"CO",IF((AND($Q8<=Everett!S$4,$R8>=Everett!S$4)),"C",0)))))) -> 0 | T8: =IF((AND($F8<=Everett!T$4,$G8>=Everett!T$4)),"P/L",IF((AND($I8<=Everett!T$4,$J8>=Everett!T$4)),"XO",IF((AND($K8<=Everett!T$4,$L8>=Everett!T$4)),"3",IF((AND($M8<=Everett!T$4,$N8>=Everett!T$4)),"C",IF((AND($O8<=Everett!T$4,$P8>=Everett!T$4)),"CO",IF((AND($Q8<=Everett!T$4,$R8>=Everett!T$4)),"C",0)))))) -> 0 | U8: =IF((AND($F8<=Everett!U$4,$G8>=Everett!U$4)),"P/L",IF((AND($I8<=Everett!U$4,$J8>=Everett!U$4)),"XO",IF((AND($K8<=Everett!U$4,$L8>=Everett!U$4)),"3",IF((AND($M8<=Everett!U$4,$N8>=Everett!U$4)),"C",IF((AND($O8<=Everett!U$4,$P8>=Everett!U$4)),"CO",IF((AND($Q8<=Everett!U$4,$R8>=Everett!U$4)),"C",0)))))) -> 0 | V8: =IF((AND($F8<=Everett!V$4,$G8>=Everett!V$4)),"P/L",IF((AND($I8<=Everett!V$4,$J8>=Everett!V$4)),"XO",IF((AND($K8<=Everett!V$4,$L8>=Everett!V$4)),"3",IF((AND($M8<=Everett!V$4,$N8>=Everett!V$4)),"C",IF((AND($O8<=Everett!V$4,$P8>=Everett!V$4)),"CO",IF((AND($Q8<=Everett!V$4,$R8>=Everett!V$4)),"C",0)))))) -> XO | W8: =IF((AND($F8<=Everett!W$4,$G8>=Everett!W$4)),"P/L",IF((AND($I8<=Everett!W$4,$J8>=Everett!W$4)),"XO",IF((AND($K8<=Everett!W$4,$L8>=Everett!W$4)),"3",IF((AND($M8<=Everett!W$4,$N8>=Everett!W$4)),"C",IF((AND($O8<=Everett!W$4,$P8>=Everett!W$4)),"CO",IF((AND($Q8<=Everett!W$4,$R8>=Everett!W$4)),"C",0)))))) -> XO | X8: =IF((AND($F8<=Everett!X$4,$G8>=Everett!X$4)),"P/L",IF((AND($I8<=Everett!X$4,$J8>=Everett!X$4)),"XO",IF((AND($K8<=Everett!X$4,$L8>=Everett!X$4)),"3",IF((AND($M8<=Everett!X$4,$N8>=Everett!X$4)),"C",IF((AND($O8<=Everett!X$4,$P8>=Everett!X$4)),"CO",IF((AND($Q8<=Everett!X$4,$R8>=Everett!X$4)),"C",0)))))) -> XO | Y8: =IF((AND($F8<=Everett!Y$4,$G8>=Everett!Y$4)),"P/L",IF((AND($I8<=Everett!Y$4,$J8>=Everett!Y$4)),"XO",IF((AND($K8<=Everett!Y$4,$L8>=Everett!Y$4)),"3",IF((AND($M8<=Everett!Y$4,$N8>=Everett!Y$4)),"C",IF((AND($O8<=Everett!Y$4,$P8>=Everett!Y$4)),"CO",IF((AND($Q8<=Everett!Y$4,$R8>=Everett!Y$4)),"C",0)))))) -> XO | Z8: =IF((AND($F8<=Everett!Z$4,$G8>=Everett!Z$4)),"P/L",IF((AND($I8<=Everett!Z$4,$J8>=Everett!Z$4)),"XO",IF((AND($K8<=Everett!Z$4,$L8>=Everett!Z$4)),"3",IF((AND($M8<=Everett!Z$4,$N8>=Everett!Z$4)),"C",IF((AND($O8<=Everett!Z$4,$P8>=Everett!Z$4)),"CO",IF((AND($Q8<=Everett!Z$4,$R8>=Everett!Z$4)),"C",0)))))) -> XO | ... CM8: =IF((AND($F8<=Everett!CM$4,$G8>=Everett!CM$4)),"P/L",IF((AND($I8<=Everett!CM$4,$J8>=Everett!CM$4)),"XO",IF((AND($K8<=Everett!CM$4,$L8>=Everett!CM$4)),"3",IF((AND($M8<=Everett!CM$4,$N8>=Everett!CM$4)),"C",IF((AND($O8<=Everett!CM$4,$P8>=Everett!CM$4)),"CO",IF((AND($Q8<=Everett!CM$4,$R8>=Everett!CM$4)),"C",0)))))) -> 0
A9: 26-3 | C9: 17 | D9: 16 | E9: 1 | I9: 46692 | J9: =IF(I9="",0,DATE(YEAR(I9),MONTH(I9)+C9,DAY(I9))) -> 47209 | K9: =IF(J9="","",(DATE(YEAR(J9),MONTH(J9)+1,DAY(J9)))) -> 47239 | L9: =IF(K9="","",(DATE(YEAR(K9),MONTH(K9)+E9,DAY(K9)))) -> 47270 | M9: =IF(O9="","",DATE(YEAR(O9), MONTH(O9)-1,DAY(O9))) -> 47300 | N9: =IF(O9="","",DATE(YEAR(M9),MONTH(M9),DAY(M9))) -> 47300 | O9: =IF(L9="","",(DATE(YEAR(L9),MONTH(L9)+2,DAY(L9)))) -> 47331 | P9: =IF(O9="","",(DATE(YEAR(O9),MONTH(O9)+D9,DAY(O9)))) -> 47818 | Q9: =IF(P9="","",DATE(YEAR(P9), MONTH(P9)+1,DAY(P9))) -> 47849 | R9: =IF(P9="","",DATE(YEAR(Q9),MONTH(Q9),DAY(Q9))) -> 47849 | S9: =IF((AND($F9<=Everett!S$4,$G9>=Everett!S$4)),"P/L",IF((AND($I9<=Everett!S$4,$J9>=Everett!S$4)),"XO",IF((AND($K9<=Everett!S$4,$L9>=Everett!S$4)),"3",IF((AND($M9<=Everett!S$4,$N9>=Everett!S$4)),"C",IF((AND($O9<=Everett!S$4,$P9>=Everett!S$4)),"CO",IF((AND($Q9<=Everett!S$4,$R9>=Everett!S$4)),"C",0)))))) -> 0 | T9: =IF((AND($F9<=Everett!T$4,$G9>=Everett!T$4)),"P/L",IF((AND($I9<=Everett!T$4,$J9>=Everett!T$4)),"XO",IF((AND($K9<=Everett!T$4,$L9>=Everett!T$4)),"3",IF((AND($M9<=Everett!T$4,$N9>=Everett!T$4)),"C",IF((AND($O9<=Everett!T$4,$P9>=Everett!T$4)),"CO",IF((AND($Q9<=Everett!T$4,$R9>=Everett!T$4)),"C",0)))))) -> 0 | U9: =IF((AND($F9<=Everett!U$4,$G9>=Everett!U$4)),"P/L",IF((AND($I9<=Everett!U$4,$J9>=Everett!U$4)),"XO",IF((AND($K9<=Everett!U$4,$L9>=Everett!U$4)),"3",IF((AND($M9<=Everett!U$4,$N9>=Everett!U$4)),"C",IF((AND($O9<=Everett!U$4,$P9>=Everett!U$4)),"CO",IF((AND($Q9<=Everett!U$4,$R9>=Everett!U$4)),"C",0)))))) -> 0 | V9: =IF((AND($F9<=Everett!V$4,$G9>=Everett!V$4)),"P/L",IF((AND($I9<=Everett!V$4,$J9>=Everett!V$4)),"XO",IF((AND($K9<=Everett!V$4,$L9>=Everett!V$4)),"3",IF((AND($M9<=Everett!V$4,$N9>=Everett!V$4)),"C",IF((AND($O9<=Everett!V$4,$P9>=Everett!V$4)),"CO",IF((AND($Q9<=Everett!V$4,$R9>=Everett!V$4)),"C",0)))))) -> 0 | W9: =IF((AND($F9<=Everett!W$4,$G9>=Everett!W$4)),"P/L",IF((AND($I9<=Everett!W$4,$J9>=Everett!W$4)),"XO",IF((AND($K9<=Everett!W$4,$L9>=Everett!W$4)),"3",IF((AND($M9<=Everett!W$4,$N9>=Everett!W$4)),"C",IF((AND($O9<=Everett!W$4,$P9>=Everett!W$4)),"CO",IF((AND($Q9<=Everett!W$4,$R9>=Everett!W$4)),"C",0)))))) -> 0 | X9: =IF((AND($F9<=Everett!X$4,$G9>=Everett!X$4)),"P/L",IF((AND($I9<=Everett!X$4,$J9>=Everett!X$4)),"XO",IF((AND($K9<=Everett!X$4,$L9>=Everett!X$4)),"3",IF((AND($M9<=Everett!X$4,$N9>=Everett!X$4)),"C",IF((AND($O9<=Everett!X$4,$P9>=Everett!X$4)),"CO",IF((AND($Q9<=Everett!X$4,$R9>=Everett!X$4)),"C",0)))))) -> 0 | Y9: =IF((AND($F9<=Everett!Y$4,$G9>=Everett!Y$4)),"P/L",IF((AND($I9<=Everett!Y$4,$J9>=Everett!Y$4)),"XO",IF((AND($K9<=Everett!Y$4,$L9>=Everett!Y$4)),"3",IF((AND($M9<=Everett!Y$4,$N9>=Everett!Y$4)),"C",IF((AND($O9<=Everett!Y$4,$P9>=Everett!Y$4)),"CO",IF((AND($Q9<=Everett!Y$4,$R9>=Everett!Y$4)),"C",0)))))) -> 0 | Z9: =IF((AND($F9<=Everett!Z$4,$G9>=Everett!Z$4)),"P/L",IF((AND($I9<=Everett!Z$4,$J9>=Everett!Z$4)),"XO",IF((AND($K9<=Everett!Z$4,$L9>=Everett!Z$4)),"3",IF((AND($M9<=Everett!Z$4,$N9>=Everett!Z$4)),"C",IF((AND($O9<=Everett!Z$4,$P9>=Everett!Z$4)),"CO",IF((AND($Q9<=Everett!Z$4,$R9>=Everett!Z$4)),"C",0)))))) -> 0 | ... CM9: =IF((AND($F9<=Everett!CM$4,$G9>=Everett!CM$4)),"P/L",IF((AND($I9<=Everett!CM$4,$J9>=Everett!CM$4)),"XO",IF((AND($K9<=Everett!CM$4,$L9>=Everett!CM$4)),"3",IF((AND($M9<=Everett!CM$4,$N9>=Everett!CM$4)),"C",IF((AND($O9<=Everett!CM$4,$P9>=Everett!CM$4)),"CO",IF((AND($Q9<=Everett!CM$4,$R9>=Everett!CM$4)),"C",0)))))) -> 0
A10: JOHN PAUL JONES (DDG 53) - 21313 | S10: ='Pearl Harbor'!$A$2-DAY('Pearl Harbor'!$A$2)+1 -> 46054 | T10: =DATE(YEAR(S10),MONTH(S10)+1,DAY(S10)) -> 46082 | U10: =DATE(YEAR(T10),MONTH(T10)+1,DAY(T10)) -> 46113 | V10: =DATE(YEAR(U10),MONTH(U10)+1,DAY(U10)) -> 46143 | W10: =DATE(YEAR(V10),MONTH(V10)+1,DAY(V10)) -> 46174 | X10: =DATE(YEAR(W10),MONTH(W10)+1,DAY(W10)) -> 46204 | Y10: =DATE(YEAR(X10),MONTH(X10)+1,DAY(X10)) -> 46235 | Z10: =DATE(YEAR(Y10),MONTH(Y10)+1,DAY(Y10)) -> 46266 | AA10: =DATE(YEAR(Z10),MONTH(Z10)+1,DAY(Z10)) -> 46296 | ... CM10: =DATE(YEAR(CL10),MONTH(CL10)+1,DAY(CL10)) -> 48245
A11: VIRGADAMO JOSHUA RYAN | B11: 4258300 | C11: 14 | D11: 17 | E11: 1 | H11: =G11-F11 -> 0 | I11: 45292 | J11: =IF(I11="",0,DATE(YEAR(I11),MONTH(I11)+C11,DAY(I11))) -> 45717 | K11: =IF(J11="","",(DATE(YEAR(J11),MONTH(J11)+1,DAY(J11)))) -> 45748 | L11: =IF(K11="","",(DATE(YEAR(K11),MONTH(K11)+E11,DAY(K11)))) -> 45778 | M11: =IF(O11="","",DATE(YEAR(O11), MONTH(O11)-1,DAY(O11))) -> 45809 | N11: =IF(O11="","",DATE(YEAR(M11),MONTH(M11),DAY(M11))) -> 45809 | O11: =IF(L11="","",(DATE(YEAR(L11),MONTH(L11)+2,DAY(L11)))) -> 45839 | P11: =IF(O11="","",(DATE(YEAR(O11),MONTH(O11)+D11,DAY(O11)))) -> 46357 | Q11: =IF(P11="","",DATE(YEAR(P11), MONTH(P11)+1,DAY(P11))) -> 46388 | R11: =IF(P11="","",DATE(YEAR(Q11),MONTH(Q11),DAY(Q11))) -> 46388 | S11: =IF((AND($F11<=S$10,$G11>=S$10)),"P/L",IF((AND($I11<=S$10,$J11>=S$10)),"XO",IF((AND($K11<=S$10,$L11>=S$10)),"3",IF((AND($M11<=S$10,$N11>=S$10)),"C",IF((AND($O11<=S$10,$P11>=S$10)),"CO",IF((AND($Q11<=S$10,$R11>=S$10)),"C",0)))))) -> CO | T11: =IF((AND($F11<=T$10,$G11>=T$10)),"P/L",IF((AND($I11<=T$10,$J11>=T$10)),"XO",IF((AND($K11<=T$10,$L11>=T$10)),"3",IF((AND($M11<=T$10,$N11>=T$10)),"C",IF((AND($O11<=T$10,$P11>=T$10)),"CO",IF((AND($Q11<=T$10,$R11>=T$10)),"C",0)))))) -> CO | U11: =IF((AND($F11<=U$10,$G11>=U$10)),"P/L",IF((AND($I11<=U$10,$J11>=U$10)),"XO",IF((AND($K11<=U$10,$L11>=U$10)),"3",IF((AND($M11<=U$10,$N11>=U$10)),"C",IF((AND($O11<=U$10,$P11>=U$10)),"CO",IF((AND($Q11<=U$10,$R11>=U$10)),"C",0)))))) -> CO | V11: =IF((AND($F11<=V$10,$G11>=V$10)),"P/L",IF((AND($I11<=V$10,$J11>=V$10)),"XO",IF((AND($K11<=V$10,$L11>=V$10)),"3",IF((AND($M11<=V$10,$N11>=V$10)),"C",IF((AND($O11<=V$10,$P11>=V$10)),"CO",IF((AND($Q11<=V$10,$R11>=V$10)),"C",0)))))) -> CO | W11: =IF((AND($F11<=W$10,$G11>=W$10)),"P/L",IF((AND($I11<=W$10,$J11>=W$10)),"XO",IF((AND($K11<=W$10,$L11>=W$10)),"3",IF((AND($M11<=W$10,$N11>=W$10)),"C",IF((AND($O11<=W$10,$P11>=W$10)),"CO",IF((AND($Q11<=W$10,$R11>=W$10)),"C",0)))))) -> CO | X11: =IF((AND($F11<=X$10,$G11>=X$10)),"P/L",IF((AND($I11<=X$10,$J11>=X$10)),"XO",IF((AND($K11<=X$10,$L11>=X$10)),"3",IF((AND($M11<=X$10,$N11>=X$10)),"C",IF((AND($O11<=X$10,$P11>=X$10)),"CO",IF((AND($Q11<=X$10,$R11>=X$10)),"C",0)))))) -> CO | Y11: =IF((AND($F11<=Y$10,$G11>=Y$10)),"P/L",IF((AND($I11<=Y$10,$J11>=Y$10)),"XO",IF((AND($K11<=Y$10,$L11>=Y$10)),"3",IF((AND($M11<=Y$10,$N11>=Y$10)),"C",IF((AND($O11<=Y$10,$P11>=Y$10)),"CO",IF((AND($Q11<=Y$10,$R11>=Y$10)),"C",0)))))) -> CO | Z11: =IF((AND($F11<=Z$10,$G11>=Z$10)),"P/L",IF((AND($I11<=Z$10,$J11>=Z$10)),"XO",IF((AND($K11<=Z$10,$L11>=Z$10)),"3",IF((AND($M11<=Z$10,$N11>=Z$10)),"C",IF((AND($O11<=Z$10,$P11>=Z$10)),"CO",IF((AND($Q11<=Z$10,$R11>=Z$10)),"C",0)))))) -> CO | ... CM11: =IF((AND($F11<=CM$10,$G11>=CM$10)),"P/L",IF((AND($I11<=CM$10,$J11>=CM$10)),"XO",IF((AND($K11<=CM$10,$L11>=CM$10)),"3",IF((AND($M11<=CM$10,$N11>=CM$10)),"C",IF((AND($O11<=CM$10,$P11>=CM$10)),"CO",IF((AND($Q11<=CM$10,$R11>=CM$10)),"C",0)))))) -> 0
A12: LOCK KODI M | C12: 21 | D12: 16 | E12: 0 | H12: =G12-F12 -> 0 | I12: 45712 | J12: =IF(I12="",0,DATE(YEAR(I12),MONTH(I12)+C12,DAY(I12))) -> 46350 | K12: =IF(J12="","",(DATE(YEAR(J12),MONTH(J12)+1,DAY(J12)))) -> 46380 | L12: =IF(K12="","",(DATE(YEAR(K12),MONTH(K12)+E12,DAY(K12)))) -> 46380 | M12: =IF(O12="","",DATE(YEAR(O12), MONTH(O12)-1,DAY(O12))) -> 46411 | N12: =IF(O12="","",DATE(YEAR(M12),MONTH(M12),DAY(M12))) -> 46411 | O12: =IF(L12="","",(DATE(YEAR(L12),MONTH(L12)+2,DAY(L12)))) -> 46442 | P12: =IF(O12="","",(DATE(YEAR(O12),MONTH(O12)+D12,DAY(O12)))) -> 46928 | Q12: =IF(P12="","",DATE(YEAR(P12), MONTH(P12)+1,DAY(P12))) -> 46958 | R12: =IF(P12="","",DATE(YEAR(Q12),MONTH(Q12),DAY(Q12))) -> 46958 | S12: =IF((AND($F12<=S$10,$G12>=S$10)),"P/L",IF((AND($I12<=S$10,$J12>=S$10)),"XO",IF((AND($K12<=S$10,$L12>=S$10)),"3",IF((AND($M12<=S$10,$N12>=S$10)),"C",IF((AND($O12<=S$10,$P12>=S$10)),"CO",IF((AND($Q12<=S$10,$R12>=S$10)),"C",0)))))) -> XO | T12: =IF((AND($F12<=T$10,$G12>=T$10)),"P/L",IF((AND($I12<=T$10,$J12>=T$10)),"XO",IF((AND($K12<=T$10,$L12>=T$10)),"3",IF((AND($M12<=T$10,$N12>=T$10)),"C",IF((AND($O12<=T$10,$P12>=T$10)),"CO",IF((AND($Q12<=T$10,$R12>=T$10)),"C",0)))))) -> XO | U12: =IF((AND($F12<=U$10,$G12>=U$10)),"P/L",IF((AND($I12<=U$10,$J12>=U$10)),"XO",IF((AND($K12<=U$10,$L12>=U$10)),"3",IF((AND($M12<=U$10,$N12>=U$10)),"C",IF((AND($O12<=U$10,$P12>=U$10)),"CO",IF((AND($Q12<=U$10,$R12>=U$10)),"C",0)))))) -> XO | V12: =IF((AND($F12<=V$10,$G12>=V$10)),"P/L",IF((AND($I12<=V$10,$J12>=V$10)),"XO",IF((AND($K12<=V$10,$L12>=V$10)),"3",IF((AND($M12<=V$10,$N12>=V$10)),"C",IF((AND($O12<=V$10,$P12>=V$10)),"CO",IF((AND($Q12<=V$10,$R12>=V$10)),"C",0)))))) -> XO | W12: =IF((AND($F12<=W$10,$G12>=W$10)),"P/L",IF((AND($I12<=W$10,$J12>=W$10)),"XO",IF((AND($K12<=W$10,$L12>=W$10)),"3",IF((AND($M12<=W$10,$N12>=W$10)),"C",IF((AND($O12<=W$10,$P12>=W$10)),"CO",IF((AND($Q12<=W$10,$R12>=W$10)),"C",0)))))) -> XO | X12: =IF((AND($F12<=X$10,$G12>=X$10)),"P/L",IF((AND($I12<=X$10,$J12>=X$10)),"XO",IF((AND($K12<=X$10,$L12>=X$10)),"3",IF((AND($M12<=X$10,$N12>=X$10)),"C",IF((AND($O12<=X$10,$P12>=X$10)),"CO",IF((AND($Q12<=X$10,$R12>=X$10)),"C",0)))))) -> XO | Y12: =IF((AND($F12<=Y$10,$G12>=Y$10)),"P/L",IF((AND($I12<=Y$10,$J12>=Y$10)),"XO",IF((AND($K12<=Y$10,$L12>=Y$10)),"3",IF((AND($M12<=Y$10,$N12>=Y$10)),"C",IF((AND($O12<=Y$10,$P12>=Y$10)),"CO",IF((AND($Q12<=Y$10,$R12>=Y$10)),"C",0)))))) -> XO | Z12: =IF((AND($F12<=Z$10,$G12>=Z$10)),"P/L",IF((AND($I12<=Z$10,$J12>=Z$10)),"XO",IF((AND($K12<=Z$10,$L12>=Z$10)),"3",IF((AND($M12<=Z$10,$N12>=Z$10)),"C",IF((AND($O12<=Z$10,$P12>=Z$10)),"CO",IF((AND($Q12<=Z$10,$R12>=Z$10)),"C",0)))))) -> XO | ... CM12: =IF((AND($F12<=CM$10,$G12>=CM$10)),"P/L",IF((AND($I12<=CM$10,$J12>=CM$10)),"XO",IF((AND($K12<=CM$10,$L12>=CM$10)),"3",IF((AND($M12<=CM$10,$N12>=CM$10)),"C",IF((AND($O12<=CM$10,$P12>=CM$10)),"CO",IF((AND($Q12<=CM$10,$R12>=CM$10)),"C",0)))))) -> 0
A13: CRAWFORD NIKI YSABEL | C13: 17 | D13: 16 | E13: 1 | I13: 46352 | J13: =IF(I13="",0,DATE(YEAR(I13),MONTH(I13)+C13,DAY(I13))) -> 46869 | K13: =IF(J13="","",(DATE(YEAR(J13),MONTH(J13)+1,DAY(J13)))) -> 46899 | L13: =IF(K13="","",(DATE(YEAR(K13),MONTH(K13)+E13,DAY(K13)))) -> 46930 | M13: =IF(O13="","",DATE(YEAR(O13), MONTH(O13)-1,DAY(O13))) -> 46960 | N13: =IF(O13="","",DATE(YEAR(M13),MONTH(M13),DAY(M13))) -> 46960 | O13: =IF(L13="","",(DATE(YEAR(L13),MONTH(L13)+2,DAY(L13)))) -> 46991 | P13: =IF(O13="","",(DATE(YEAR(O13),MONTH(O13)+D13,DAY(O13)))) -> 47478 | Q13: =IF(P13="","",DATE(YEAR(P13), MONTH(P13)+1,DAY(P13))) -> 47509 | R13: =IF(P13="","",DATE(YEAR(Q13),MONTH(Q13),DAY(Q13))) -> 47509 | S13: =IF((AND($F13<=Everett!S$4,$G13>=Everett!S$4)),"P/L",IF((AND($I13<=Everett!S$4,$J13>=Everett!S$4)),"XO",IF((AND($K13<=Everett!S$4,$L13>=Everett!S$4)),"3",IF((AND($M13<=Everett!S$4,$N13>=Everett!S$4)),"C",IF((AND($O13<=Everett!S$4,$P13>=Everett!S$4)),"CO",IF((AND($Q13<=Everett!S$4,$R13>=Everett!S$4)),"C",0)))))) -> 0 | T13: =IF((AND($F13<=Everett!T$4,$G13>=Everett!T$4)),"P/L",IF((AND($I13<=Everett!T$4,$J13>=Everett!T$4)),"XO",IF((AND($K13<=Everett!T$4,$L13>=Everett!T$4)),"3",IF((AND($M13<=Everett!T$4,$N13>=Everett!T$4)),"C",IF((AND($O13<=Everett!T$4,$P13>=Everett!T$4)),"CO",IF((AND($Q13<=Everett!T$4,$R13>=Everett!T$4)),"C",0)))))) -> 0 | U13: =IF((AND($F13<=Everett!U$4,$G13>=Everett!U$4)),"P/L",IF((AND($I13<=Everett!U$4,$J13>=Everett!U$4)),"XO",IF((AND($K13<=Everett!U$4,$L13>=Everett!U$4)),"3",IF((AND($M13<=Everett!U$4,$N13>=Everett!U$4)),"C",IF((AND($O13<=Everett!U$4,$P13>=Everett!U$4)),"CO",IF((AND($Q13<=Everett!U$4,$R13>=Everett!U$4)),"C",0)))))) -> 0 | V13: =IF((AND($F13<=Everett!V$4,$G13>=Everett!V$4)),"P/L",IF((AND($I13<=Everett!V$4,$J13>=Everett!V$4)),"XO",IF((AND($K13<=Everett!V$4,$L13>=Everett!V$4)),"3",IF((AND($M13<=Everett!V$4,$N13>=Everett!V$4)),"C",IF((AND($O13<=Everett!V$4,$P13>=Everett!V$4)),"CO",IF((AND($Q13<=Everett!V$4,$R13>=Everett!V$4)),"C",0)))))) -> 0 | W13: =IF((AND($F13<=Everett!W$4,$G13>=Everett!W$4)),"P/L",IF((AND($I13<=Everett!W$4,$J13>=Everett!W$4)),"XO",IF((AND($K13<=Everett!W$4,$L13>=Everett!W$4)),"3",IF((AND($M13<=Everett!W$4,$N13>=Everett!W$4)),"C",IF((AND($O13<=Everett!W$4,$P13>=Everett!W$4)),"CO",IF((AND($Q13<=Everett!W$4,$R13>=Everett!W$4)),"C",0)))))) -> 0 | X13: =IF((AND($F13<=Everett!X$4,$G13>=Everett!X$4)),"P/L",IF((AND($I13<=Everett!X$4,$J13>=Everett!X$4)),"XO",IF((AND($K13<=Everett!X$4,$L13>=Everett!X$4)),"3",IF((AND($M13<=Everett!X$4,$N13>=Everett!X$4)),"C",IF((AND($O13<=Everett!X$4,$P13>=Everett!X$4)),"CO",IF((AND($Q13<=Everett!X$4,$R13>=Everett!X$4)),"C",0)))))) -> 0 | Y13: =IF((AND($F13<=Everett!Y$4,$G13>=Everett!Y$4)),"P/L",IF((AND($I13<=Everett!Y$4,$J13>=Everett!Y$4)),"XO",IF((AND($K13<=Everett!Y$4,$L13>=Everett!Y$4)),"3",IF((AND($M13<=Everett!Y$4,$N13>=Everett!Y$4)),"C",IF((AND($O13<=Everett!Y$4,$P13>=Everett!Y$4)),"CO",IF((AND($Q13<=Everett!Y$4,$R13>=Everett!Y$4)),"C",0)))))) -> 0 | Z13: =IF((AND($F13<=Everett!Z$4,$G13>=Everett!Z$4)),"P/L",IF((AND($I13<=Everett!Z$4,$J13>=Everett!Z$4)),"XO",IF((AND($K13<=Everett!Z$4,$L13>=Everett!Z$4)),"3",IF((AND($M13<=Everett!Z$4,$N13>=Everett!Z$4)),"C",IF((AND($O13<=Everett!Z$4,$P13>=Everett!Z$4)),"CO",IF((AND($Q13<=Everett!Z$4,$R13>=Everett!Z$4)),"C",0)))))) -> 0 | ... CM13: =IF((AND($F13<=Everett!CM$4,$G13>=Everett!CM$4)),"P/L",IF((AND($I13<=Everett!CM$4,$J13>=Everett!CM$4)),"XO",IF((AND($K13<=Everett!CM$4,$L13>=Everett!CM$4)),"3",IF((AND($M13<=Everett!CM$4,$N13>=Everett!CM$4)),"C",IF((AND($O13<=Everett!CM$4,$P13>=Everett!CM$4)),"CO",IF((AND($Q13<=Everett!CM$4,$R13>=Everett!CM$4)),"C",0)))))) -> 0
A14: 27-2 | C14: 17 | D14: 16 | E14: 1 | I14: 46874 | J14: =IF(I14="",0,DATE(YEAR(I14),MONTH(I14)+C14,DAY(I14))) -> 47392 | K14: =IF(J14="","",(DATE(YEAR(J14),MONTH(J14)+1,DAY(J14)))) -> 47423 | L14: =IF(K14="","",(DATE(YEAR(K14),MONTH(K14)+E14,DAY(K14)))) -> 47453 | M14: =IF(O14="","",DATE(YEAR(O14), MONTH(O14)-1,DAY(O14))) -> 47484 | N14: =IF(O14="","",DATE(YEAR(M14),MONTH(M14),DAY(M14))) -> 47484 | O14: =IF(L14="","",(DATE(YEAR(L14),MONTH(L14)+2,DAY(L14)))) -> 47515 | P14: =IF(O14="","",(DATE(YEAR(O14),MONTH(O14)+D14,DAY(O14)))) -> 48000 | Q14: =IF(P14="","",DATE(YEAR(P14), MONTH(P14)+1,DAY(P14))) -> 48030 | R14: =IF(P14="","",DATE(YEAR(Q14),MONTH(Q14),DAY(Q14))) -> 48030 | S14: =IF((AND($F14<=Everett!S$4,$G14>=Everett!S$4)),"P/L",IF((AND($I14<=Everett!S$4,$J14>=Everett!S$4)),"XO",IF((AND($K14<=Everett!S$4,$L14>=Everett!S$4)),"3",IF((AND($M14<=Everett!S$4,$N14>=Everett!S$4)),"C",IF((AND($O14<=Everett!S$4,$P14>=Everett!S$4)),"CO",IF((AND($Q14<=Everett!S$4,$R14>=Everett!S$4)),"C",0)))))) -> 0 | T14: =IF((AND($F14<=Everett!T$4,$G14>=Everett!T$4)),"P/L",IF((AND($I14<=Everett!T$4,$J14>=Everett!T$4)),"XO",IF((AND($K14<=Everett!T$4,$L14>=Everett!T$4)),"3",IF((AND($M14<=Everett!T$4,$N14>=Everett!T$4)),"C",IF((AND($O14<=Everett!T$4,$P14>=Everett!T$4)),"CO",IF((AND($Q14<=Everett!T$4,$R14>=Everett!T$4)),"C",0)))))) -> 0 | U14: =IF((AND($F14<=Everett!U$4,$G14>=Everett!U$4)),"P/L",IF((AND($I14<=Everett!U$4,$J14>=Everett!U$4)),"XO",IF((AND($K14<=Everett!U$4,$L14>=Everett!U$4)),"3",IF((AND($M14<=Everett!U$4,$N14>=Everett!U$4)),"C",IF((AND($O14<=Everett!U$4,$P14>=Everett!U$4)),"CO",IF((AND($Q14<=Everett!U$4,$R14>=Everett!U$4)),"C",0)))))) -> 0 | V14: =IF((AND($F14<=Everett!V$4,$G14>=Everett!V$4)),"P/L",IF((AND($I14<=Everett!V$4,$J14>=Everett!V$4)),"XO",IF((AND($K14<=Everett!V$4,$L14>=Everett!V$4)),"3",IF((AND($M14<=Everett!V$4,$N14>=Everett!V$4)),"C",IF((AND($O14<=Everett!V$4,$P14>=Everett!V$4)),"CO",IF((AND($Q14<=Everett!V$4,$R14>=Everett!V$4)),"C",0)))))) -> 0 | W14: =IF((AND($F14<=Everett!W$4,$G14>=Everett!W$4)),"P/L",IF((AND($I14<=Everett!W$4,$J14>=Everett!W$4)),"XO",IF((AND($K14<=Everett!W$4,$L14>=Everett!W$4)),"3",IF((AND($M14<=Everett!W$4,$N14>=Everett!W$4)),"C",IF((AND($O14<=Everett!W$4,$P14>=Everett!W$4)),"CO",IF((AND($Q14<=Everett!W$4,$R14>=Everett!W$4)),"C",0)))))) -> 0 | X14: =IF((AND($F14<=Everett!X$4,$G14>=Everett!X$4)),"P/L",IF((AND($I14<=Everett!X$4,$J14>=Everett!X$4)),"XO",IF((AND($K14<=Everett!X$4,$L14>=Everett!X$4)),"3",IF((AND($M14<=Everett!X$4,$N14>=Everett!X$4)),"C",IF((AND($O14<=Everett!X$4,$P14>=Everett!X$4)),"CO",IF((AND($Q14<=Everett!X$4,$R14>=Everett!X$4)),"C",0)))))) -> 0 | Y14: =IF((AND($F14<=Everett!Y$4,$G14>=Everett!Y$4)),"P/L",IF((AND($I14<=Everett!Y$4,$J14>=Everett!Y$4)),"XO",IF((AND($K14<=Everett!Y$4,$L14>=Everett!Y$4)),"3",IF((AND($M14<=Everett!Y$4,$N14>=Everett!Y$4)),"C",IF((AND($O14<=Everett!Y$4,$P14>=Everett!Y$4)),"CO",IF((AND($Q14<=Everett!Y$4,$R14>=Everett!Y$4)),"C",0)))))) -> 0 | Z14: =IF((AND($F14<=Everett!Z$4,$G14>=Everett!Z$4)),"P/L",IF((AND($I14<=Everett!Z$4,$J14>=Everett!Z$4)),"XO",IF((AND($K14<=Everett!Z$4,$L14>=Everett!Z$4)),"3",IF((AND($M14<=Everett!Z$4,$N14>=Everett!Z$4)),"C",IF((AND($O14<=Everett!Z$4,$P14>=Everett!Z$4)),"CO",IF((AND($Q14<=Everett!Z$4,$R14>=Everett!Z$4)),"C",0)))))) -> 0 | ... CM14: =IF((AND($F14<=Everett!CM$4,$G14>=Everett!CM$4)),"P/L",IF((AND($I14<=Everett!CM$4,$J14>=Everett!CM$4)),"XO",IF((AND($K14<=Everett!CM$4,$L14>=Everett!CM$4)),"3",IF((AND($M14<=Everett!CM$4,$N14>=Everett!CM$4)),"C",IF((AND($O14<=Everett!CM$4,$P14>=Everett!CM$4)),"CO",IF((AND($Q14<=Everett!CM$4,$R14>=Everett!CM$4)),"C",0)))))) -> 0
A15: JOHN S MCAIN (DDG 56) - 21686 | S15: =Yokosuka!$A$2-DAY(Yokosuka!$A$2)+1 -> 46054 | T15: =DATE(YEAR(S15),MONTH(S15)+1,DAY(S15)) -> 46082 | U15: =DATE(YEAR(T15),MONTH(T15)+1,DAY(T15)) -> 46113 | V15: =DATE(YEAR(U15),MONTH(U15)+1,DAY(U15)) -> 46143 | W15: =DATE(YEAR(V15),MONTH(V15)+1,DAY(V15)) -> 46174 | X15: =DATE(YEAR(W15),MONTH(W15)+1,DAY(W15)) -> 46204 | Y15: =DATE(YEAR(X15),MONTH(X15)+1,DAY(X15)) -> 46235 | Z15: =DATE(YEAR(Y15),MONTH(Y15)+1,DAY(Y15)) -> 46266 | AA15: =DATE(YEAR(Z15),MONTH(Z15)+1,DAY(Z15)) -> 46296 | ... CM15: =DATE(YEAR(CL15),MONTH(CL15)+1,DAY(CL15)) -> 48245
A16: INGEL DAVID | B16: 4436600 | C16: 17 | D16: 12 | E16: 1 | H16: =G16-F16 -> 0 | I16: 45405 | J16: =IF(I16="",0,DATE(YEAR(I16),MONTH(I16)+C16,DAY(I16))) -> 45923 | K16: =IF(J16="","",(DATE(YEAR(J16),MONTH(J16)+1,DAY(J16)))) -> 45953 | L16: =IF(K16="","",(DATE(YEAR(K16),MONTH(K16)+E16,DAY(K16)))) -> 45984 | M16: =IF(O16="","",DATE(YEAR(O16), MONTH(O16)-1,DAY(O16))) -> 46014 | N16: =IF(O16="","",DATE(YEAR(M16),MONTH(M16),DAY(M16))) -> 46014 | O16: =IF(L16="","",(DATE(YEAR(L16),MONTH(L16)+2,DAY(L16)))) -> 46045 | P16: =IF(O16="","",(DATE(YEAR(O16),MONTH(O16)+D16,DAY(O16)))) -> 46410 | Q16: =IF(P16="","",DATE(YEAR(P16), MONTH(P16)+1,DAY(P16))) -> 46441 | R16: =IF(P16="","",DATE(YEAR(Q16),MONTH(Q16),DAY(Q16))) -> 46441 | S16: =IF((AND($F16<=Everett!S$4,$G16>=Everett!S$4)),"P/L",IF((AND($I16<=Everett!S$4,$J16>=Everett!S$4)),"XO",IF((AND($K16<=Everett!S$4,$L16>=Everett!S$4)),"3",IF((AND($M16<=Everett!S$4,$N16>=Everett!S$4)),"C",IF((AND($O16<=Everett!S$4,$P16>=Everett!S$4)),"CO",IF((AND($Q16<=Everett!S$4,$R16>=Everett!S$4)),"C",0)))))) -> CO | T16: =IF((AND($F16<=Everett!T$4,$G16>=Everett!T$4)),"P/L",IF((AND($I16<=Everett!T$4,$J16>=Everett!T$4)),"XO",IF((AND($K16<=Everett!T$4,$L16>=Everett!T$4)),"3",IF((AND($M16<=Everett!T$4,$N16>=Everett!T$4)),"C",IF((AND($O16<=Everett!T$4,$P16>=Everett!T$4)),"CO",IF((AND($Q16<=Everett!T$4,$R16>=Everett!T$4)),"C",0)))))) -> CO | U16: =IF((AND($F16<=Everett!U$4,$G16>=Everett!U$4)),"P/L",IF((AND($I16<=Everett!U$4,$J16>=Everett!U$4)),"XO",IF((AND($K16<=Everett!U$4,$L16>=Everett!U$4)),"3",IF((AND($M16<=Everett!U$4,$N16>=Everett!U$4)),"C",IF((AND($O16<=Everett!U$4,$P16>=Everett!U$4)),"CO",IF((AND($Q16<=Everett!U$4,$R16>=Everett!U$4)),"C",0)))))) -> CO | V16: =IF((AND($F16<=Everett!V$4,$G16>=Everett!V$4)),"P/L",IF((AND($I16<=Everett!V$4,$J16>=Everett!V$4)),"XO",IF((AND($K16<=Everett!V$4,$L16>=Everett!V$4)),"3",IF((AND($M16<=Everett!V$4,$N16>=Everett!V$4)),"C",IF((AND($O16<=Everett!V$4,$P16>=Everett!V$4)),"CO",IF((AND($Q16<=Everett!V$4,$R16>=Everett!V$4)),"C",0)))))) -> CO | W16: =IF((AND($F16<=Everett!W$4,$G16>=Everett!W$4)),"P/L",IF((AND($I16<=Everett!W$4,$J16>=Everett!W$4)),"XO",IF((AND($K16<=Everett!W$4,$L16>=Everett!W$4)),"3",IF((AND($M16<=Everett!W$4,$N16>=Everett!W$4)),"C",IF((AND($O16<=Everett!W$4,$P16>=Everett!W$4)),"CO",IF((AND($Q16<=Everett!W$4,$R16>=Everett!W$4)),"C",0)))))) -> CO | X16: =IF((AND($F16<=Everett!X$4,$G16>=Everett!X$4)),"P/L",IF((AND($I16<=Everett!X$4,$J16>=Everett!X$4)),"XO",IF((AND($K16<=Everett!X$4,$L16>=Everett!X$4)),"3",IF((AND($M16<=Everett!X$4,$N16>=Everett!X$4)),"C",IF((AND($O16<=Everett!X$4,$P16>=Everett!X$4)),"CO",IF((AND($Q16<=Everett!X$4,$R16>=Everett!X$4)),"C",0)))))) -> CO | Y16: =IF((AND($F16<=Everett!Y$4,$G16>=Everett!Y$4)),"P/L",IF((AND($I16<=Everett!Y$4,$J16>=Everett!Y$4)),"XO",IF((AND($K16<=Everett!Y$4,$L16>=Everett!Y$4)),"3",IF((AND($M16<=Everett!Y$4,$N16>=Everett!Y$4)),"C",IF((AND($O16<=Everett!Y$4,$P16>=Everett!Y$4)),"CO",IF((AND($Q16<=Everett!Y$4,$R16>=Everett!Y$4)),"C",0)))))) -> CO | Z16: =IF((AND($F16<=Everett!Z$4,$G16>=Everett!Z$4)),"P/L",IF((AND($I16<=Everett!Z$4,$J16>=Everett!Z$4)),"XO",IF((AND($K16<=Everett!Z$4,$L16>=Everett!Z$4)),"3",IF((AND($M16<=Everett!Z$4,$N16>=Everett!Z$4)),"C",IF((AND($O16<=Everett!Z$4,$P16>=Everett!Z$4)),"CO",IF((AND($Q16<=Everett!Z$4,$R16>=Everett!Z$4)),"C",0)))))) -> CO | ... CM16: =IF((AND($F16<=Everett!CM$4,$G16>=Everett!CM$4)),"P/L",IF((AND($I16<=Everett!CM$4,$J16>=Everett!CM$4)),"XO",IF((AND($K16<=Everett!CM$4,$L16>=Everett!CM$4)),"3",IF((AND($M16<=Everett!CM$4,$N16>=Everett!CM$4)),"C",IF((AND($O16<=Everett!CM$4,$P16>=Everett!CM$4)),"CO",IF((AND($Q16<=Everett!CM$4,$R16>=Everett!CM$4)),"C",0)))))) -> 0
A17: MEARS JEREMY RYAN | C17: 20 | D17: 16 | E17: 1 | H17: =G17-F17 -> 0 | I17: 45741 | J17: =IF(I17="",0,DATE(YEAR(I17),MONTH(I17)+C17,DAY(I17))) -> 46351 | K17: =IF(J17="","",(DATE(YEAR(J17),MONTH(J17)+1,DAY(J17)))) -> 46381 | L17: =IF(K17="","",(DATE(YEAR(K17),MONTH(K17)+E17,DAY(K17)))) -> 46412 | M17: =IF(O17="","",DATE(YEAR(O17), MONTH(O17)-1,DAY(O17))) -> 46443 | N17: =IF(O17="","",DATE(YEAR(M17),MONTH(M17),DAY(M17))) -> 46443 | O17: =IF(L17="","",(DATE(YEAR(L17),MONTH(L17)+2,DAY(L17)))) -> 46471 | P17: =IF(O17="","",(DATE(YEAR(O17),MONTH(O17)+D17,DAY(O17)))) -> 46959 | Q17: =IF(P17="","",DATE(YEAR(P17), MONTH(P17)+1,DAY(P17))) -> 46990 | R17: =IF(P17="","",DATE(YEAR(Q17),MONTH(Q17),DAY(Q17))) -> 46990 | S17: =IF((AND($F17<=Everett!S$4,$G17>=Everett!S$4)),"P/L",IF((AND($I17<=Everett!S$4,$J17>=Everett!S$4)),"XO",IF((AND($K17<=Everett!S$4,$L17>=Everett!S$4)),"3",IF((AND($M17<=Everett!S$4,$N17>=Everett!S$4)),"C",IF((AND($O17<=Everett!S$4,$P17>=Everett!S$4)),"CO",IF((AND($Q17<=Everett!S$4,$R17>=Everett!S$4)),"C",0)))))) -> XO | T17: =IF((AND($F17<=Everett!T$4,$G17>=Everett!T$4)),"P/L",IF((AND($I17<=Everett!T$4,$J17>=Everett!T$4)),"XO",IF((AND($K17<=Everett!T$4,$L17>=Everett!T$4)),"3",IF((AND($M17<=Everett!T$4,$N17>=Everett!T$4)),"C",IF((AND($O17<=Everett!T$4,$P17>=Everett!T$4)),"CO",IF((AND($Q17<=Everett!T$4,$R17>=Everett!T$4)),"C",0)))))) -> XO | U17: =IF((AND($F17<=Everett!U$4,$G17>=Everett!U$4)),"P/L",IF((AND($I17<=Everett!U$4,$J17>=Everett!U$4)),"XO",IF((AND($K17<=Everett!U$4,$L17>=Everett!U$4)),"3",IF((AND($M17<=Everett!U$4,$N17>=Everett!U$4)),"C",IF((AND($O17<=Everett!U$4,$P17>=Everett!U$4)),"CO",IF((AND($Q17<=Everett!U$4,$R17>=Everett!U$4)),"C",0)))))) -> XO | V17: =IF((AND($F17<=Everett!V$4,$G17>=Everett!V$4)),"P/L",IF((AND($I17<=Everett!V$4,$J17>=Everett!V$4)),"XO",IF((AND($K17<=Everett!V$4,$L17>=Everett!V$4)),"3",IF((AND($M17<=Everett!V$4,$N17>=Everett!V$4)),"C",IF((AND($O17<=Everett!V$4,$P17>=Everett!V$4)),"CO",IF((AND($Q17<=Everett!V$4,$R17>=Everett!V$4)),"C",0)))))) -> XO | W17: =IF((AND($F17<=Everett!W$4,$G17>=Everett!W$4)),"P/L",IF((AND($I17<=Everett!W$4,$J17>=Everett!W$4)),"XO",IF((AND($K17<=Everett!W$4,$L17>=Everett!W$4)),"3",IF((AND($M17<=Everett!W$4,$N17>=Everett!W$4)),"C",IF((AND($O17<=Everett!W$4,$P17>=Everett!W$4)),"CO",IF((AND($Q17<=Everett!W$4,$R17>=Everett!W$4)),"C",0)))))) -> XO | X17: =IF((AND($F17<=Everett!X$4,$G17>=Everett!X$4)),"P/L",IF((AND($I17<=Everett!X$4,$J17>=Everett!X$4)),"XO",IF((AND($K17<=Everett!X$4,$L17>=Everett!X$4)),"3",IF((AND($M17<=Everett!X$4,$N17>=Everett!X$4)),"C",IF((AND($O17<=Everett!X$4,$P17>=Everett!X$4)),"CO",IF((AND($Q17<=Everett!X$4,$R17>=Everett!X$4)),"C",0)))))) -> XO | Y17: =IF((AND($F17<=Everett!Y$4,$G17>=Everett!Y$4)),"P/L",IF((AND($I17<=Everett!Y$4,$J17>=Everett!Y$4)),"XO",IF((AND($K17<=Everett!Y$4,$L17>=Everett!Y$4)),"3",IF((AND($M17<=Everett!Y$4,$N17>=Everett!Y$4)),"C",IF((AND($O17<=Everett!Y$4,$P17>=Everett!Y$4)),"CO",IF((AND($Q17<=Everett!Y$4,$R17>=Everett!Y$4)),"C",0)))))) -> XO | Z17: =IF((AND($F17<=Everett!Z$4,$G17>=Everett!Z$4)),"P/L",IF((AND($I17<=Everett!Z$4,$J17>=Everett!Z$4)),"XO",IF((AND($K17<=Everett!Z$4,$L17>=Everett!Z$4)),"3",IF((AND($M17<=Everett!Z$4,$N17>=Everett!Z$4)),"C",IF((AND($O17<=Everett!Z$4,$P17>=Everett!Z$4)),"CO",IF((AND($Q17<=Everett!Z$4,$R17>=Everett!Z$4)),"C",0)))))) -> XO | ... CM17: =IF((AND($F17<=Everett!CM$4,$G17>=Everett!CM$4)),"P/L",IF((AND($I17<=Everett!CM$4,$J17>=Everett!CM$4)),"XO",IF((AND($K17<=Everett!CM$4,$L17>=Everett!CM$4)),"3",IF((AND($M17<=Everett!CM$4,$N17>=Everett!CM$4)),"C",IF((AND($O17<=Everett!CM$4,$P17>=Everett!CM$4)),"CO",IF((AND($Q17<=Everett!CM$4,$R17>=Everett!CM$4)),"C",0)))))) -> 0
A18: KLINKHAMMER EDWIN KYLE | C18: 17 | D18: 16 | E18: 1 | I18: 46327 | J18: =IF(I18="",0,DATE(YEAR(I18),MONTH(I18)+C18,DAY(I18))) -> 46844 | K18: =IF(J18="","",(DATE(YEAR(J18),MONTH(J18)+1,DAY(J18)))) -> 46874 | L18: =IF(K18="","",(DATE(YEAR(K18),MONTH(K18)+E18,DAY(K18)))) -> 46905 | M18: =IF(O18="","",DATE(YEAR(O18), MONTH(O18)-1,DAY(O18))) -> 46935 | N18: =IF(O18="","",DATE(YEAR(M18),MONTH(M18),DAY(M18))) -> 46935 | O18: =IF(L18="","",(DATE(YEAR(L18),MONTH(L18)+2,DAY(L18)))) -> 46966 | P18: =IF(O18="","",(DATE(YEAR(O18),MONTH(O18)+D18,DAY(O18)))) -> 47453 | Q18: =IF(P18="","",DATE(YEAR(P18), MONTH(P18)+1,DAY(P18))) -> 47484 | R18: =IF(P18="","",DATE(YEAR(Q18),MONTH(Q18),DAY(Q18))) -> 47484 | S18: =IF((AND($F18<=Everett!S$4,$G18>=Everett!S$4)),"P/L",IF((AND($I18<=Everett!S$4,$J18>=Everett!S$4)),"XO",IF((AND($K18<=Everett!S$4,$L18>=Everett!S$4)),"3",IF((AND($M18<=Everett!S$4,$N18>=Everett!S$4)),"C",IF((AND($O18<=Everett!S$4,$P18>=Everett!S$4)),"CO",IF((AND($Q18<=Everett!S$4,$R18>=Everett!S$4)),"C",0)))))) -> 0 | T18: =IF((AND($F18<=Everett!T$4,$G18>=Everett!T$4)),"P/L",IF((AND($I18<=Everett!T$4,$J18>=Everett!T$4)),"XO",IF((AND($K18<=Everett!T$4,$L18>=Everett!T$4)),"3",IF((AND($M18<=Everett!T$4,$N18>=Everett!T$4)),"C",IF((AND($O18<=Everett!T$4,$P18>=Everett!T$4)),"CO",IF((AND($Q18<=Everett!T$4,$R18>=Everett!T$4)),"C",0)))))) -> 0 | U18: =IF((AND($F18<=Everett!U$4,$G18>=Everett!U$4)),"P/L",IF((AND($I18<=Everett!U$4,$J18>=Everett!U$4)),"XO",IF((AND($K18<=Everett!U$4,$L18>=Everett!U$4)),"3",IF((AND($M18<=Everett!U$4,$N18>=Everett!U$4)),"C",IF((AND($O18<=Everett!U$4,$P18>=Everett!U$4)),"CO",IF((AND($Q18<=Everett!U$4,$R18>=Everett!U$4)),"C",0)))))) -> 0 | V18: =IF((AND($F18<=Everett!V$4,$G18>=Everett!V$4)),"P/L",IF((AND($I18<=Everett!V$4,$J18>=Everett!V$4)),"XO",IF((AND($K18<=Everett!V$4,$L18>=Everett!V$4)),"3",IF((AND($M18<=Everett!V$4,$N18>=Everett!V$4)),"C",IF((AND($O18<=Everett!V$4,$P18>=Everett!V$4)),"CO",IF((AND($Q18<=Everett!V$4,$R18>=Everett!V$4)),"C",0)))))) -> 0 | W18: =IF((AND($F18<=Everett!W$4,$G18>=Everett!W$4)),"P/L",IF((AND($I18<=Everett!W$4,$J18>=Everett!W$4)),"XO",IF((AND($K18<=Everett!W$4,$L18>=Everett!W$4)),"3",IF((AND($M18<=Everett!W$4,$N18>=Everett!W$4)),"C",IF((AND($O18<=Everett!W$4,$P18>=Everett!W$4)),"CO",IF((AND($Q18<=Everett!W$4,$R18>=Everett!W$4)),"C",0)))))) -> 0 | X18: =IF((AND($F18<=Everett!X$4,$G18>=Everett!X$4)),"P/L",IF((AND($I18<=Everett!X$4,$J18>=Everett!X$4)),"XO",IF((AND($K18<=Everett!X$4,$L18>=Everett!X$4)),"3",IF((AND($M18<=Everett!X$4,$N18>=Everett!X$4)),"C",IF((AND($O18<=Everett!X$4,$P18>=Everett!X$4)),"CO",IF((AND($Q18<=Everett!X$4,$R18>=Everett!X$4)),"C",0)))))) -> 0 | Y18: =IF((AND($F18<=Everett!Y$4,$G18>=Everett!Y$4)),"P/L",IF((AND($I18<=Everett!Y$4,$J18>=Everett!Y$4)),"XO",IF((AND($K18<=Everett!Y$4,$L18>=Everett!Y$4)),"3",IF((AND($M18<=Everett!Y$4,$N18>=Everett!Y$4)),"C",IF((AND($O18<=Everett!Y$4,$P18>=Everett!Y$4)),"CO",IF((AND($Q18<=Everett!Y$4,$R18>=Everett!Y$4)),"C",0)))))) -> 0 | Z18: =IF((AND($F18<=Everett!Z$4,$G18>=Everett!Z$4)),"P/L",IF((AND($I18<=Everett!Z$4,$J18>=Everett!Z$4)),"XO",IF((AND($K18<=Everett!Z$4,$L18>=Everett!Z$4)),"3",IF((AND($M18<=Everett!Z$4,$N18>=Everett!Z$4)),"C",IF((AND($O18<=Everett!Z$4,$P18>=Everett!Z$4)),"CO",IF((AND($Q18<=Everett!Z$4,$R18>=Everett!Z$4)),"C",0)))))) -> 0 | ... CM18: =IF((AND($F18<=Everett!CM$4,$G18>=Everett!CM$4)),"P/L",IF((AND($I18<=Everett!CM$4,$J18>=Everett!CM$4)),"XO",IF((AND($K18<=Everett!CM$4,$L18>=Everett!CM$4)),"3",IF((AND($M18<=Everett!CM$4,$N18>=Everett!CM$4)),"C",IF((AND($O18<=Everett!CM$4,$P18>=Everett!CM$4)),"CO",IF((AND($Q18<=Everett!CM$4,$R18>=Everett!CM$4)),"C",0)))))) -> 0
A19: 27-2 | C19: 17 | D19: 16 | E19: 1 | I19: 46874 | J19: =IF(I19="",0,DATE(YEAR(I19),MONTH(I19)+C19,DAY(I19))) -> 47392 | K19: =IF(J19="","",(DATE(YEAR(J19),MONTH(J19)+1,DAY(J19)))) -> 47423 | L19: =IF(K19="","",(DATE(YEAR(K19),MONTH(K19)+E19,DAY(K19)))) -> 47453 | M19: =IF(O19="","",DATE(YEAR(O19), MONTH(O19)-1,DAY(O19))) -> 47484 | N19: =IF(O19="","",DATE(YEAR(M19),MONTH(M19),DAY(M19))) -> 47484 | O19: =IF(L19="","",(DATE(YEAR(L19),MONTH(L19)+2,DAY(L19)))) -> 47515 | P19: =IF(O19="","",(DATE(YEAR(O19),MONTH(O19)+D19,DAY(O19)))) -> 48000 | Q19: =IF(P19="","",DATE(YEAR(P19), MONTH(P19)+1,DAY(P19))) -> 48030 | R19: =IF(P19="","",DATE(YEAR(Q19),MONTH(Q19),DAY(Q19))) -> 48030 | S19: =IF((AND($F19<=Everett!S$4,$G19>=Everett!S$4)),"P/L",IF((AND($I19<=Everett!S$4,$J19>=Everett!S$4)),"XO",IF((AND($K19<=Everett!S$4,$L19>=Everett!S$4)),"3",IF((AND($M19<=Everett!S$4,$N19>=Everett!S$4)),"C",IF((AND($O19<=Everett!S$4,$P19>=Everett!S$4)),"CO",IF((AND($Q19<=Everett!S$4,$R19>=Everett!S$4)),"C",0)))))) -> 0 | T19: =IF((AND($F19<=Everett!T$4,$G19>=Everett!T$4)),"P/L",IF((AND($I19<=Everett!T$4,$J19>=Everett!T$4)),"XO",IF((AND($K19<=Everett!T$4,$L19>=Everett!T$4)),"3",IF((AND($M19<=Everett!T$4,$N19>=Everett!T$4)),"C",IF((AND($O19<=Everett!T$4,$P19>=Everett!T$4)),"CO",IF((AND($Q19<=Everett!T$4,$R19>=Everett!T$4)),"C",0)))))) -> 0 | U19: =IF((AND($F19<=Everett!U$4,$G19>=Everett!U$4)),"P/L",IF((AND($I19<=Everett!U$4,$J19>=Everett!U$4)),"XO",IF((AND($K19<=Everett!U$4,$L19>=Everett!U$4)),"3",IF((AND($M19<=Everett!U$4,$N19>=Everett!U$4)),"C",IF((AND($O19<=Everett!U$4,$P19>=Everett!U$4)),"CO",IF((AND($Q19<=Everett!U$4,$R19>=Everett!U$4)),"C",0)))))) -> 0 | V19: =IF((AND($F19<=Everett!V$4,$G19>=Everett!V$4)),"P/L",IF((AND($I19<=Everett!V$4,$J19>=Everett!V$4)),"XO",IF((AND($K19<=Everett!V$4,$L19>=Everett!V$4)),"3",IF((AND($M19<=Everett!V$4,$N19>=Everett!V$4)),"C",IF((AND($O19<=Everett!V$4,$P19>=Everett!V$4)),"CO",IF((AND($Q19<=Everett!V$4,$R19>=Everett!V$4)),"C",0)))))) -> 0 | W19: =IF((AND($F19<=Everett!W$4,$G19>=Everett!W$4)),"P/L",IF((AND($I19<=Everett!W$4,$J19>=Everett!W$4)),"XO",IF((AND($K19<=Everett!W$4,$L19>=Everett!W$4)),"3",IF((AND($M19<=Everett!W$4,$N19>=Everett!W$4)),"C",IF((AND($O19<=Everett!W$4,$P19>=Everett!W$4)),"CO",IF((AND($Q19<=Everett!W$4,$R19>=Everett!W$4)),"C",0)))))) -> 0 | X19: =IF((AND($F19<=Everett!X$4,$G19>=Everett!X$4)),"P/L",IF((AND($I19<=Everett!X$4,$J19>=Everett!X$4)),"XO",IF((AND($K19<=Everett!X$4,$L19>=Everett!X$4)),"3",IF((AND($M19<=Everett!X$4,$N19>=Everett!X$4)),"C",IF((AND($O19<=Everett!X$4,$P19>=Everett!X$4)),"CO",IF((AND($Q19<=Everett!X$4,$R19>=Everett!X$4)),"C",0)))))) -> 0 | Y19: =IF((AND($F19<=Everett!Y$4,$G19>=Everett!Y$4)),"P/L",IF((AND($I19<=Everett!Y$4,$J19>=Everett!Y$4)),"XO",IF((AND($K19<=Everett!Y$4,$L19>=Everett!Y$4)),"3",IF((AND($M19<=Everett!Y$4,$N19>=Everett!Y$4)),"C",IF((AND($O19<=Everett!Y$4,$P19>=Everett!Y$4)),"CO",IF((AND($Q19<=Everett!Y$4,$R19>=Everett!Y$4)),"C",0)))))) -> 0 | Z19: =IF((AND($F19<=Everett!Z$4,$G19>=Everett!Z$4)),"P/L",IF((AND($I19<=Everett!Z$4,$J19>=Everett!Z$4)),"XO",IF((AND($K19<=Everett!Z$4,$L19>=Everett!Z$4)),"3",IF((AND($M19<=Everett!Z$4,$N19>=Everett!Z$4)),"C",IF((AND($O19<=Everett!Z$4,$P19>=Everett!Z$4)),"CO",IF((AND($Q19<=Everett!Z$4,$R19>=Everett!Z$4)),"C",0)))))) -> 0 | ... CM19: =IF((AND($F19<=Everett!CM$4,$G19>=Everett!CM$4)),"P/L",IF((AND($I19<=Everett!CM$4,$J19>=Everett!CM$4)),"XO",IF((AND($K19<=Everett!CM$4,$L19>=Everett!CM$4)),"3",IF((AND($M19<=Everett!CM$4,$N19>=Everett!CM$4)),"C",IF((AND($O19<=Everett!CM$4,$P19>=Everett!CM$4)),"CO",IF((AND($Q19<=Everett!CM$4,$R19>=Everett!CM$4)),"C",0)))))) -> 0
A20: BENFOLD DDG 65 - 21940 | S20: =Yokosuka!$A$2-DAY(Yokosuka!$A$2)+1 -> 46054 | T20: =DATE(YEAR(S20),MONTH(S20)+1,DAY(S20)) -> 46082 | U20: =DATE(YEAR(T20),MONTH(T20)+1,DAY(T20)) -> 46113 | V20: =DATE(YEAR(U20),MONTH(U20)+1,DAY(U20)) -> 46143 | W20: =DATE(YEAR(V20),MONTH(V20)+1,DAY(V20)) -> 46174 | X20: =DATE(YEAR(W20),MONTH(W20)+1,DAY(W20)) -> 46204 | Y20: =DATE(YEAR(X20),MONTH(X20)+1,DAY(X20)) -> 46235 | Z20: =DATE(YEAR(Y20),MONTH(Y20)+1,DAY(Y20)) -> 46266 | AA20: =DATE(YEAR(Z20),MONTH(Z20)+1,DAY(Z20)) -> 46296 | ... CM20: =DATE(YEAR(CL20),MONTH(CL20)+1,DAY(CL20)) -> 48245
A21: MAYER RICHARD ANDREW | B21: 2569625 | C21: 19 | D21: 17 | E21: 1 | H21: =G21-F21 -> 0 | I21: 44774 | J21: =IF(I21="",0,DATE(YEAR(I21),MONTH(I21)+C21,DAY(I21))) -> 45352 | K21: =IF(J21="","",(DATE(YEAR(J21),MONTH(J21)+1,DAY(J21)))) -> 45383 | L21: =IF(K21="","",(DATE(YEAR(K21),MONTH(K21)+E21,DAY(K21)))) -> 45413 | M21: 45589 | N21: 45620 | O21: 45620 | P21: =IF(O21="","",(DATE(YEAR(O21),MONTH(O21)+D21,DAY(O21)))) -> 46136 | Q21: =IF(P21="","",DATE(YEAR(P21), MONTH(P21)+1,DAY(P21))) -> 46166 | R21: =IF(P21="","",DATE(YEAR(Q21),MONTH(Q21),DAY(Q21))) -> 46166 | S21: =IF((AND($F21<=Everett!S$4,$G21>=Everett!S$4)),"P/L",IF((AND($I21<=Everett!S$4,$J21>=Everett!S$4)),"XO",IF((AND($K21<=Everett!S$4,$L21>=Everett!S$4)),"3",IF((AND($M21<=Everett!S$4,$N21>=Everett!S$4)),"C",IF((AND($O21<=Everett!S$4,$P21>=Everett!S$4)),"CO",IF((AND($Q21<=Everett!S$4,$R21>=Everett!S$4)),"C",0)))))) -> CO | T21: =IF((AND($F21<=Everett!T$4,$G21>=Everett!T$4)),"P/L",IF((AND($I21<=Everett!T$4,$J21>=Everett!T$4)),"XO",IF((AND($K21<=Everett!T$4,$L21>=Everett!T$4)),"3",IF((AND($M21<=Everett!T$4,$N21>=Everett!T$4)),"C",IF((AND($O21<=Everett!T$4,$P21>=Everett!T$4)),"CO",IF((AND($Q21<=Everett!T$4,$R21>=Everett!T$4)),"C",0)))))) -> CO | U21: =IF((AND($F21<=Everett!U$4,$G21>=Everett!U$4)),"P/L",IF((AND($I21<=Everett!U$4,$J21>=Everett!U$4)),"XO",IF((AND($K21<=Everett!U$4,$L21>=Everett!U$4)),"3",IF((AND($M21<=Everett!U$4,$N21>=Everett!U$4)),"C",IF((AND($O21<=Everett!U$4,$P21>=Everett!U$4)),"CO",IF((AND($Q21<=Everett!U$4,$R21>=Everett!U$4)),"C",0)))))) -> CO | V21: =IF((AND($F21<=Everett!V$4,$G21>=Everett!V$4)),"P/L",IF((AND($I21<=Everett!V$4,$J21>=Everett!V$4)),"XO",IF((AND($K21<=Everett!V$4,$L21>=Everett!V$4)),"3",IF((AND($M21<=Everett!V$4,$N21>=Everett!V$4)),"C",IF((AND($O21<=Everett!V$4,$P21>=Everett!V$4)),"CO",IF((AND($Q21<=Everett!V$4,$R21>=Everett!V$4)),"C",0)))))) -> 0 | W21: =IF((AND($F21<=Everett!W$4,$G21>=Everett!W$4)),"P/L",IF((AND($I21<=Everett!W$4,$J21>=Everett!W$4)),"XO",IF((AND($K21<=Everett!W$4,$L21>=Everett!W$4)),"3",IF((AND($M21<=Everett!W$4,$N21>=Everett!W$4)),"C",IF((AND($O21<=Everett!W$4,$P21>=Everett!W$4)),"CO",IF((AND($Q21<=Everett!W$4,$R21>=Everett!W$4)),"C",0)))))) -> 0 | X21: =IF((AND($F21<=Everett!X$4,$G21>=Everett!X$4)),"P/L",IF((AND($I21<=Everett!X$4,$J21>=Everett!X$4)),"XO",IF((AND($K21<=Everett!X$4,$L21>=Everett!X$4)),"3",IF((AND($M21<=Everett!X$4,$N21>=Everett!X$4)),"C",IF((AND($O21<=Everett!X$4,$P21>=Everett!X$4)),"CO",IF((AND($Q21<=Everett!X$4,$R21>=Everett!X$4)),"C",0)))))) -> 0 | Y21: =IF((AND($F21<=Everett!Y$4,$G21>=Everett!Y$4)),"P/L",IF((AND($I21<=Everett!Y$4,$J21>=Everett!Y$4)),"XO",IF((AND($K21<=Everett!Y$4,$L21>=Everett!Y$4)),"3",IF((AND($M21<=Everett!Y$4,$N21>=Everett!Y$4)),"C",IF((AND($O21<=Everett!Y$4,$P21>=Everett!Y$4)),"CO",IF((AND($Q21<=Everett!Y$4,$R21>=Everett!Y$4)),"C",0)))))) -> 0 | Z21: =IF((AND($F21<=Everett!Z$4,$G21>=Everett!Z$4)),"P/L",IF((AND($I21<=Everett!Z$4,$J21>=Everett!Z$4)),"XO",IF((AND($K21<=Everett!Z$4,$L21>=Everett!Z$4)),"3",IF((AND($M21<=Everett!Z$4,$N21>=Everett!Z$4)),"C",IF((AND($O21<=Everett!Z$4,$P21>=Everett!Z$4)),"CO",IF((AND($Q21<=Everett!Z$4,$R21>=Everett!Z$4)),"C",0)))))) -> 0 | ... CM21: =IF((AND($F21<=Everett!CM$4,$G21>=Everett!CM$4)),"P/L",IF((AND($I21<=Everett!CM$4,$J21>=Everett!CM$4)),"XO",IF((AND($K21<=Everett!CM$4,$L21>=Everett!CM$4)),"3",IF((AND($M21<=Everett!CM$4,$N21>=Everett!CM$4)),"C",IF((AND($O21<=Everett!CM$4,$P21>=Everett!CM$4)),"CO",IF((AND($Q21<=Everett!CM$4,$R21>=Everett!CM$4)),"C",0)))))) -> 0
A22: CONTIVOCK REBECCA M | C22: 18 | D22: 16 | E22: 3 | H22: =G22-F22 -> 0 | I22: 45467 | J22: =IF(I22="",0,DATE(YEAR(I22),MONTH(I22)+C22,DAY(I22))) -> 46015 | K22: =IF(J22="","",(DATE(YEAR(J22),MONTH(J22)+1,DAY(J22)))) -> 46046 | L22: =IF(K22="","",(DATE(YEAR(K22),MONTH(K22)+E22,DAY(K22)))) -> 46136 | M22: =IF(O22="","",DATE(YEAR(O22), MONTH(O22)-1,DAY(O22))) -> 46166 | N22: =IF(O22="","",DATE(YEAR(M22),MONTH(M22),DAY(M22))) -> 46166 | O22: =IF(L22="","",(DATE(YEAR(L22),MONTH(L22)+2,DAY(L22)))) -> 46197 | P22: =IF(O22="","",(DATE(YEAR(O22),MONTH(O22)+D22,DAY(O22)))) -> 46684 | Q22: =IF(P22="","",DATE(YEAR(P22), MONTH(P22)+1,DAY(P22))) -> 46715 | R22: =IF(P22="","",DATE(YEAR(Q22),MONTH(Q22),DAY(Q22))) -> 46715 | S22: =IF((AND($F22<=Everett!S$4,$G22>=Everett!S$4)),"P/L",IF((AND($I22<=Everett!S$4,$J22>=Everett!S$4)),"XO",IF((AND($K22<=Everett!S$4,$L22>=Everett!S$4)),"3",IF((AND($M22<=Everett!S$4,$N22>=Everett!S$4)),"C",IF((AND($O22<=Everett!S$4,$P22>=Everett!S$4)),"CO",IF((AND($Q22<=Everett!S$4,$R22>=Everett!S$4)),"C",0)))))) -> 3 | T22: =IF((AND($F22<=Everett!T$4,$G22>=Everett!T$4)),"P/L",IF((AND($I22<=Everett!T$4,$J22>=Everett!T$4)),"XO",IF((AND($K22<=Everett!T$4,$L22>=Everett!T$4)),"3",IF((AND($M22<=Everett!T$4,$N22>=Everett!T$4)),"C",IF((AND($O22<=Everett!T$4,$P22>=Everett!T$4)),"CO",IF((AND($Q22<=Everett!T$4,$R22>=Everett!T$4)),"C",0)))))) -> 3 | U22: =IF((AND($F22<=Everett!U$4,$G22>=Everett!U$4)),"P/L",IF((AND($I22<=Everett!U$4,$J22>=Everett!U$4)),"XO",IF((AND($K22<=Everett!U$4,$L22>=Everett!U$4)),"3",IF((AND($M22<=Everett!U$4,$N22>=Everett!U$4)),"C",IF((AND($O22<=Everett!U$4,$P22>=Everett!U$4)),"CO",IF((AND($Q22<=Everett!U$4,$R22>=Everett!U$4)),"C",0)))))) -> 3 | V22: =IF((AND($F22<=Everett!V$4,$G22>=Everett!V$4)),"P/L",IF((AND($I22<=Everett!V$4,$J22>=Everett!V$4)),"XO",IF((AND($K22<=Everett!V$4,$L22>=Everett!V$4)),"3",IF((AND($M22<=Everett!V$4,$N22>=Everett!V$4)),"C",IF((AND($O22<=Everett!V$4,$P22>=Everett!V$4)),"CO",IF((AND($Q22<=Everett!V$4,$R22>=Everett!V$4)),"C",0)))))) -> 0 | W22: =IF((AND($F22<=Everett!W$4,$G22>=Everett!W$4)),"P/L",IF((AND($I22<=Everett!W$4,$J22>=Everett!W$4)),"XO",IF((AND($K22<=Everett!W$4,$L22>=Everett!W$4)),"3",IF((AND($M22<=Everett!W$4,$N22>=Everett!W$4)),"C",IF((AND($O22<=Everett!W$4,$P22>=Everett!W$4)),"CO",IF((AND($Q22<=Everett!W$4,$R22>=Everett!W$4)),"C",0)))))) -> 0 | X22: =IF((AND($F22<=Everett!X$4,$G22>=Everett!X$4)),"P/L",IF((AND($I22<=Everett!X$4,$J22>=Everett!X$4)),"XO",IF((AND($K22<=Everett!X$4,$L22>=Everett!X$4)),"3",IF((AND($M22<=Everett!X$4,$N22>=Everett!X$4)),"C",IF((AND($O22<=Everett!X$4,$P22>=Everett!X$4)),"CO",IF((AND($Q22<=Everett!X$4,$R22>=Everett!X$4)),"C",0)))))) -> CO | Y22: =IF((AND($F22<=Everett!Y$4,$G22>=Everett!Y$4)),"P/L",IF((AND($I22<=Everett!Y$4,$J22>=Everett!Y$4)),"XO",IF((AND($K22<=Everett!Y$4,$L22>=Everett!Y$4)),"3",IF((AND($M22<=Everett!Y$4,$N22>=Everett!Y$4)),"C",IF((AND($O22<=Everett!Y$4,$P22>=Everett!Y$4)),"CO",IF((AND($Q22<=Everett!Y$4,$R22>=Everett!Y$4)),"C",0)))))) -> CO | Z22: =IF((AND($F22<=Everett!Z$4,$G22>=Everett!Z$4)),"P/L",IF((AND($I22<=Everett!Z$4,$J22>=Everett!Z$4)),"XO",IF((AND($K22<=Everett!Z$4,$L22>=Everett!Z$4)),"3",IF((AND($M22<=Everett!Z$4,$N22>=Everett!Z$4)),"C",IF((AND($O22<=Everett!Z$4,$P22>=Everett!Z$4)),"CO",IF((AND($Q22<=Everett!Z$4,$R22>=Everett!Z$4)),"C",0)))))) -> CO | ... CM22: =IF((AND($F22<=Everett!CM$4,$G22>=Everett!CM$4)),"P/L",IF((AND($I22<=Everett!CM$4,$J22>=Everett!CM$4)),"XO",IF((AND($K22<=Everett!CM$4,$L22>=Everett!CM$4)),"3",IF((AND($M22<=Everett!CM$4,$N22>=Everett!CM$4)),"C",IF((AND($O22<=Everett!CM$4,$P22>=Everett!CM$4)),"CO",IF((AND($Q22<=Everett!CM$4,$R22>=Everett!CM$4)),"C",0)))))) -> 0
A23: SHRADER JARED ALLEN | C23: 19 | D23: 16 | E23: 1 | I23: 46047 | J23: =IF(I23="",0,DATE(YEAR(I23),MONTH(I23)+C23,DAY(I23))) -> 46624 | K23: =IF(J23="","",(DATE(YEAR(J23),MONTH(J23)+1,DAY(J23)))) -> 46655 | L23: =IF(K23="","",(DATE(YEAR(K23),MONTH(K23)+E23,DAY(K23)))) -> 46685 | M23: =IF(O23="","",DATE(YEAR(O23), MONTH(O23)-1,DAY(O23))) -> 46716 | N23: =IF(O23="","",DATE(YEAR(M23),MONTH(M23),DAY(M23))) -> 46716 | O23: =IF(L23="","",(DATE(YEAR(L23),MONTH(L23)+2,DAY(L23)))) -> 46746 | P23: =IF(O23="","",(DATE(YEAR(O23),MONTH(O23)+D23,DAY(O23)))) -> 47233 | Q23: =IF(P23="","",DATE(YEAR(P23), MONTH(P23)+1,DAY(P23))) -> 47263 | R23: =IF(P23="","",DATE(YEAR(Q23),MONTH(Q23),DAY(Q23))) -> 47263 | S23: =IF((AND($F23<=Everett!S$4,$G23>=Everett!S$4)),"P/L",IF((AND($I23<=Everett!S$4,$J23>=Everett!S$4)),"XO",IF((AND($K23<=Everett!S$4,$L23>=Everett!S$4)),"3",IF((AND($M23<=Everett!S$4,$N23>=Everett!S$4)),"C",IF((AND($O23<=Everett!S$4,$P23>=Everett!S$4)),"CO",IF((AND($Q23<=Everett!S$4,$R23>=Everett!S$4)),"C",0)))))) -> XO | T23: =IF((AND($F23<=Everett!T$4,$G23>=Everett!T$4)),"P/L",IF((AND($I23<=Everett!T$4,$J23>=Everett!T$4)),"XO",IF((AND($K23<=Everett!T$4,$L23>=Everett!T$4)),"3",IF((AND($M23<=Everett!T$4,$N23>=Everett!T$4)),"C",IF((AND($O23<=Everett!T$4,$P23>=Everett!T$4)),"CO",IF((AND($Q23<=Everett!T$4,$R23>=Everett!T$4)),"C",0)))))) -> XO | U23: =IF((AND($F23<=Everett!U$4,$G23>=Everett!U$4)),"P/L",IF((AND($I23<=Everett!U$4,$J23>=Everett!U$4)),"XO",IF((AND($K23<=Everett!U$4,$L23>=Everett!U$4)),"3",IF((AND($M23<=Everett!U$4,$N23>=Everett!U$4)),"C",IF((AND($O23<=Everett!U$4,$P23>=Everett!U$4)),"CO",IF((AND($Q23<=Everett!U$4,$R23>=Everett!U$4)),"C",0)))))) -> XO | V23: =IF((AND($F23<=Everett!V$4,$G23>=Everett!V$4)),"P/L",IF((AND($I23<=Everett!V$4,$J23>=Everett!V$4)),"XO",IF((AND($K23<=Everett!V$4,$L23>=Everett!V$4)),"3",IF((AND($M23<=Everett!V$4,$N23>=Everett!V$4)),"C",IF((AND($O23<=Everett!V$4,$P23>=Everett!V$4)),"CO",IF((AND($Q23<=Everett!V$4,$R23>=Everett!V$4)),"C",0)))))) -> XO | W23: =IF((AND($F23<=Everett!W$4,$G23>=Everett!W$4)),"P/L",IF((AND($I23<=Everett!W$4,$J23>=Everett!W$4)),"XO",IF((AND($K23<=Everett!W$4,$L23>=Everett!W$4)),"3",IF((AND($M23<=Everett!W$4,$N23>=Everett!W$4)),"C",IF((AND($O23<=Everett!W$4,$P23>=Everett!W$4)),"CO",IF((AND($Q23<=Everett!W$4,$R23>=Everett!W$4)),"C",0)))))) -> XO | X23: =IF((AND($F23<=Everett!X$4,$G23>=Everett!X$4)),"P/L",IF((AND($I23<=Everett!X$4,$J23>=Everett!X$4)),"XO",IF((AND($K23<=Everett!X$4,$L23>=Everett!X$4)),"3",IF((AND($M23<=Everett!X$4,$N23>=Everett!X$4)),"C",IF((AND($O23<=Everett!X$4,$P23>=Everett!X$4)),"CO",IF((AND($Q23<=Everett!X$4,$R23>=Everett!X$4)),"C",0)))))) -> XO | Y23: =IF((AND($F23<=Everett!Y$4,$G23>=Everett!Y$4)),"P/L",IF((AND($I23<=Everett!Y$4,$J23>=Everett!Y$4)),"XO",IF((AND($K23<=Everett!Y$4,$L23>=Everett!Y$4)),"3",IF((AND($M23<=Everett!Y$4,$N23>=Everett!Y$4)),"C",IF((AND($O23<=Everett!Y$4,$P23>=Everett!Y$4)),"CO",IF((AND($Q23<=Everett!Y$4,$R23>=Everett!Y$4)),"C",0)))))) -> XO | Z23: =IF((AND($F23<=Everett!Z$4,$G23>=Everett!Z$4)),"P/L",IF((AND($I23<=Everett!Z$4,$J23>=Everett!Z$4)),"XO",IF((AND($K23<=Everett!Z$4,$L23>=Everett!Z$4)),"3",IF((AND($M23<=Everett!Z$4,$N23>=Everett!Z$4)),"C",IF((AND($O23<=Everett!Z$4,$P23>=Everett!Z$4)),"CO",IF((AND($Q23<=Everett!Z$4,$R23>=Everett!Z$4)),"C",0)))))) -> XO | ... CM23: =IF((AND($F23<=Everett!CM$4,$G23>=Everett!CM$4)),"P/L",IF((AND($I23<=Everett!CM$4,$J23>=Everett!CM$4)),"XO",IF((AND($K23<=Everett!CM$4,$L23>=Everett!CM$4)),"3",IF((AND($M23<=Everett!CM$4,$N23>=Everett!CM$4)),"C",IF((AND($O23<=Everett!CM$4,$P23>=Everett!CM$4)),"CO",IF((AND($Q23<=Everett!CM$4,$R23>=Everett!CM$4)),"C",0)))))) -> 0
A24: 26-3 | C24: 17 | D24: 16 | E24: 1 | I24: 46631 | J24: =IF(I24="",0,DATE(YEAR(I24),MONTH(I24)+C24,DAY(I24))) -> 47150 | K24: =IF(J24="","",(DATE(YEAR(J24),MONTH(J24)+1,DAY(J24)))) -> 47178 | L24: =IF(K24="","",(DATE(YEAR(K24),MONTH(K24)+E24,DAY(K24)))) -> 47209 | M24: =IF(O24="","",DATE(YEAR(O24), MONTH(O24)-1,DAY(O24))) -> 47239 | N24: =IF(O24="","",DATE(YEAR(M24),MONTH(M24),DAY(M24))) -> 47239 | O24: =IF(L24="","",(DATE(YEAR(L24),MONTH(L24)+2,DAY(L24)))) -> 47270 | P24: =IF(O24="","",(DATE(YEAR(O24),MONTH(O24)+D24,DAY(O24)))) -> 47757 | Q24: =IF(P24="","",DATE(YEAR(P24), MONTH(P24)+1,DAY(P24))) -> 47788 | R24: =IF(P24="","",DATE(YEAR(Q24),MONTH(Q24),DAY(Q24))) -> 47788 | S24: =IF((AND($F24<=Everett!S$4,$G24>=Everett!S$4)),"P/L",IF((AND($I24<=Everett!S$4,$J24>=Everett!S$4)),"XO",IF((AND($K24<=Everett!S$4,$L24>=Everett!S$4)),"3",IF((AND($M24<=Everett!S$4,$N24>=Everett!S$4)),"C",IF((AND($O24<=Everett!S$4,$P24>=Everett!S$4)),"CO",IF((AND($Q24<=Everett!S$4,$R24>=Everett!S$4)),"C",0)))))) -> 0 | T24: =IF((AND($F24<=Everett!T$4,$G24>=Everett!T$4)),"P/L",IF((AND($I24<=Everett!T$4,$J24>=Everett!T$4)),"XO",IF((AND($K24<=Everett!T$4,$L24>=Everett!T$4)),"3",IF((AND($M24<=Everett!T$4,$N24>=Everett!T$4)),"C",IF((AND($O24<=Everett!T$4,$P24>=Everett!T$4)),"CO",IF((AND($Q24<=Everett!T$4,$R24>=Everett!T$4)),"C",0)))))) -> 0 | U24: =IF((AND($F24<=Everett!U$4,$G24>=Everett!U$4)),"P/L",IF((AND($I24<=Everett!U$4,$J24>=Everett!U$4)),"XO",IF((AND($K24<=Everett!U$4,$L24>=Everett!U$4)),"3",IF((AND($M24<=Everett!U$4,$N24>=Everett!U$4)),"C",IF((AND($O24<=Everett!U$4,$P24>=Everett!U$4)),"CO",IF((AND($Q24<=Everett!U$4,$R24>=Everett!U$4)),"C",0)))))) -> 0 | V24: =IF((AND($F24<=Everett!V$4,$G24>=Everett!V$4)),"P/L",IF((AND($I24<=Everett!V$4,$J24>=Everett!V$4)),"XO",IF((AND($K24<=Everett!V$4,$L24>=Everett!V$4)),"3",IF((AND($M24<=Everett!V$4,$N24>=Everett!V$4)),"C",IF((AND($O24<=Everett!V$4,$P24>=Everett!V$4)),"CO",IF((AND($Q24<=Everett!V$4,$R24>=Everett!V$4)),"C",0)))))) -> 0 | W24: =IF((AND($F24<=Everett!W$4,$G24>=Everett!W$4)),"P/L",IF((AND($I24<=Everett!W$4,$J24>=Everett!W$4)),"XO",IF((AND($K24<=Everett!W$4,$L24>=Everett!W$4)),"3",IF((AND($M24<=Everett!W$4,$N24>=Everett!W$4)),"C",IF((AND($O24<=Everett!W$4,$P24>=Everett!W$4)),"CO",IF((AND($Q24<=Everett!W$4,$R24>=Everett!W$4)),"C",0)))))) -> 0 | X24: =IF((AND($F24<=Everett!X$4,$G24>=Everett!X$4)),"P/L",IF((AND($I24<=Everett!X$4,$J24>=Everett!X$4)),"XO",IF((AND($K24<=Everett!X$4,$L24>=Everett!X$4)),"3",IF((AND($M24<=Everett!X$4,$N24>=Everett!X$4)),"C",IF((AND($O24<=Everett!X$4,$P24>=Everett!X$4)),"CO",IF((AND($Q24<=Everett!X$4,$R24>=Everett!X$4)),"C",0)))))) -> 0 | Y24: =IF((AND($F24<=Everett!Y$4,$G24>=Everett!Y$4)),"P/L",IF((AND($I24<=Everett!Y$4,$J24>=Everett!Y$4)),"XO",IF((AND($K24<=Everett!Y$4,$L24>=Everett!Y$4)),"3",IF((AND($M24<=Everett!Y$4,$N24>=Everett!Y$4)),"C",IF((AND($O24<=Everett!Y$4,$P24>=Everett!Y$4)),"CO",IF((AND($Q24<=Everett!Y$4,$R24>=Everett!Y$4)),"C",0)))))) -> 0 | Z24: =IF((AND($F24<=Everett!Z$4,$G24>=Everett!Z$4)),"P/L",IF((AND($I24<=Everett!Z$4,$J24>=Everett!Z$4)),"XO",IF((AND($K24<=Everett!Z$4,$L24>=Everett!Z$4)),"3",IF((AND($M24<=Everett!Z$4,$N24>=Everett!Z$4)),"C",IF((AND($O24<=Everett!Z$4,$P24>=Everett!Z$4)),"CO",IF((AND($Q24<=Everett!Z$4,$R24>=Everett!Z$4)),"C",0)))))) -> 0 | ... CM24: =IF((AND($F24<=Everett!CM$4,$G24>=Everett!CM$4)),"P/L",IF((AND($I24<=Everett!CM$4,$J24>=Everett!CM$4)),"XO",IF((AND($K24<=Everett!CM$4,$L24>=Everett!CM$4)),"3",IF((AND($M24<=Everett!CM$4,$N24>=Everett!CM$4)),"C",IF((AND($O24<=Everett!CM$4,$P24>=Everett!CM$4)),"CO",IF((AND($Q24<=Everett!CM$4,$R24>=Everett!CM$4)),"C",0)))))) -> 0
A25: KIDD (DDG 100) - 23152 | S25: =$A$2-DAY($A$2)+1 -> 46054 | T25: =DATE(YEAR(S25),MONTH(S25)+1,DAY(S25)) -> 46082 | U25: =DATE(YEAR(T25),MONTH(T25)+1,DAY(T25)) -> 46113 | V25: =DATE(YEAR(U25),MONTH(U25)+1,DAY(U25)) -> 46143 | W25: =DATE(YEAR(V25),MONTH(V25)+1,DAY(V25)) -> 46174 | X25: =DATE(YEAR(W25),MONTH(W25)+1,DAY(W25)) -> 46204 | Y25: =DATE(YEAR(X25),MONTH(X25)+1,DAY(X25)) -> 46235 | Z25: =DATE(YEAR(Y25),MONTH(Y25)+1,DAY(Y25)) -> 46266 | AA25: =DATE(YEAR(Z25),MONTH(Z25)+1,DAY(Z25)) -> 46296 | ... CM25: =DATE(YEAR(CL25),MONTH(CL25)+1,DAY(CL25)) -> 48245
A26: GANS CHRISTOPHER TONY | C26: 13 | D26: 17 | E26: 1 | H26: =G26-F26 -> 0 | I26: 45444 | J26: =IF(I26="",0,DATE(YEAR(I26),MONTH(I26)+C26,DAY(I26))) -> 45839 | K26: =IF(J26="","",(DATE(YEAR(J26),MONTH(J26)+1,DAY(J26)))) -> 45870 | L26: =IF(K26="","",(DATE(YEAR(K26),MONTH(K26)+E26,DAY(K26)))) -> 45901 | M26: =IF(O26="","",DATE(YEAR(O26), MONTH(O26)-1,DAY(O26))) -> 45931 | N26: =IF(O26="","",DATE(YEAR(M26),MONTH(M26),DAY(M26))) -> 45931 | O26: =IF(L26="","",(DATE(YEAR(L26),MONTH(L26)+2,DAY(L26)))) -> 45962 | P26: =IF(O26="","",(DATE(YEAR(O26),MONTH(O26)+D26,DAY(O26)))) -> 46478 | Q26: =IF(P26="","",DATE(YEAR(P26), MONTH(P26)+1,DAY(P26))) -> 46508 | R26: =IF(P26="","",DATE(YEAR(Q26),MONTH(Q26),DAY(Q26))) -> 46508 | S26: =IF((AND($F26<=S$4,$G26>=S$4)),"P/L",IF((AND($I26<=S$4,$J26>=S$4)),"XO",IF((AND($K26<=S$4,$L26>=S$4)),"3",IF((AND($M26<=S$4,$N26>=S$4)),"C",IF((AND($O26<=S$4,$P26>=S$4)),"CO",IF((AND($Q26<=S$4,$R26>=S$4)),"C",0)))))) -> CO | T26: =IF((AND($F26<=T$4,$G26>=T$4)),"P/L",IF((AND($I26<=T$4,$J26>=T$4)),"XO",IF((AND($K26<=T$4,$L26>=T$4)),"3",IF((AND($M26<=T$4,$N26>=T$4)),"C",IF((AND($O26<=T$4,$P26>=T$4)),"CO",IF((AND($Q26<=T$4,$R26>=T$4)),"C",0)))))) -> CO | U26: =IF((AND($F26<=U$4,$G26>=U$4)),"P/L",IF((AND($I26<=U$4,$J26>=U$4)),"XO",IF((AND($K26<=U$4,$L26>=U$4)),"3",IF((AND($M26<=U$4,$N26>=U$4)),"C",IF((AND($O26<=U$4,$P26>=U$4)),"CO",IF((AND($Q26<=U$4,$R26>=U$4)),"C",0)))))) -> CO | V26: =IF((AND($F26<=V$4,$G26>=V$4)),"P/L",IF((AND($I26<=V$4,$J26>=V$4)),"XO",IF((AND($K26<=V$4,$L26>=V$4)),"3",IF((AND($M26<=V$4,$N26>=V$4)),"C",IF((AND($O26<=V$4,$P26>=V$4)),"CO",IF((AND($Q26<=V$4,$R26>=V$4)),"C",0)))))) -> CO | W26: =IF((AND($F26<=W$4,$G26>=W$4)),"P/L",IF((AND($I26<=W$4,$J26>=W$4)),"XO",IF((AND($K26<=W$4,$L26>=W$4)),"3",IF((AND($M26<=W$4,$N26>=W$4)),"C",IF((AND($O26<=W$4,$P26>=W$4)),"CO",IF((AND($Q26<=W$4,$R26>=W$4)),"C",0)))))) -> CO | X26: =IF((AND($F26<=X$4,$G26>=X$4)),"P/L",IF((AND($I26<=X$4,$J26>=X$4)),"XO",IF((AND($K26<=X$4,$L26>=X$4)),"3",IF((AND($M26<=X$4,$N26>=X$4)),"C",IF((AND($O26<=X$4,$P26>=X$4)),"CO",IF((AND($Q26<=X$4,$R26>=X$4)),"C",0)))))) -> CO | Y26: =IF((AND($F26<=Y$4,$G26>=Y$4)),"P/L",IF((AND($I26<=Y$4,$J26>=Y$4)),"XO",IF((AND($K26<=Y$4,$L26>=Y$4)),"3",IF((AND($M26<=Y$4,$N26>=Y$4)),"C",IF((AND($O26<=Y$4,$P26>=Y$4)),"CO",IF((AND($Q26<=Y$4,$R26>=Y$4)),"C",0)))))) -> CO | Z26: =IF((AND($F26<=Z$4,$G26>=Z$4)),"P/L",IF((AND($I26<=Z$4,$J26>=Z$4)),"XO",IF((AND($K26<=Z$4,$L26>=Z$4)),"3",IF((AND($M26<=Z$4,$N26>=Z$4)),"C",IF((AND($O26<=Z$4,$P26>=Z$4)),"CO",IF((AND($Q26<=Z$4,$R26>=Z$4)),"C",0)))))) -> CO | ... BF26: =IF((AND($F26<=BF$4,$G26>=BF$4)),"P/L",IF((AND($I26<=BF$4,$J26>=BF$4)),"XO",IF((AND($K26<=BF$4,$L26>=BF$4)),"3",IF((AND($M26<=BF$4,$N26>=BF$4)),"C",IF((AND($O26<=BF$4,$P26>=BF$4)),"CO",IF((AND($Q26<=BF$4,$R26>=BF$4)),"C",0)))))) -> 0 | BG26: =IF((AND($F26<=Everett!BG$4,$G26>=Everett!BG$4)),"P/L",IF((AND($I26<=Everett!BG$4,$J26>=Everett!BG$4)),"XO",IF((AND($K26<=Everett!BG$4,$L26>=Everett!BG$4)),"3",IF((AND($M26<=Everett!BG$4,$N26>=Everett!BG$4)),"C",IF((AND($O26<=Everett!BG$4,$P26>=Everett!BG$4)),"CO",IF((AND($Q26<=Everett!BG$4,$R26>=Everett!BG$4)),"C",0)))))) -> 0 | BH26: =IF((AND($F26<=Everett!BH$4,$G26>=Everett!BH$4)),"P/L",IF((AND($I26<=Everett!BH$4,$J26>=Everett!BH$4)),"XO",IF((AND($K26<=Everett!BH$4,$L26>=Everett!BH$4)),"3",IF((AND($M26<=Everett!BH$4,$N26>=Everett!BH$4)),"C",IF((AND($O26<=Everett!BH$4,$P26>=Everett!BH$4)),"CO",IF((AND($Q26<=Everett!BH$4,$R26>=Everett!BH$4)),"C",0)))))) -> 0 | BI26: =IF((AND($F26<=Everett!BI$4,$G26>=Everett!BI$4)),"P/L",IF((AND($I26<=Everett!BI$4,$J26>=Everett!BI$4)),"XO",IF((AND($K26<=Everett!BI$4,$L26>=Everett!BI$4)),"3",IF((AND($M26<=Everett!BI$4,$N26>=Everett!BI$4)),"C",IF((AND($O26<=Everett!BI$4,$P26>=Everett!BI$4)),"CO",IF((AND($Q26<=Everett!BI$4,$R26>=Everett!BI$4)),"C",0)))))) -> 0 | BJ26: =IF((AND($F26<=Everett!BJ$4,$G26>=Everett!BJ$4)),"P/L",IF((AND($I26<=Everett!BJ$4,$J26>=Everett!BJ$4)),"XO",IF((AND($K26<=Everett!BJ$4,$L26>=Everett!BJ$4)),"3",IF((AND($M26<=Everett!BJ$4,$N26>=Everett!BJ$4)),"C",IF((AND($O26<=Everett!BJ$4,$P26>=Everett!BJ$4)),"CO",IF((AND($Q26<=Everett!BJ$4,$R26>=Everett!BJ$4)),"C",0)))))) -> 0 | BK26: =IF((AND($F26<=Everett!BK$4,$G26>=Everett!BK$4)),"P/L",IF((AND($I26<=Everett!BK$4,$J26>=Everett!BK$4)),"XO",IF((AND($K26<=Everett!BK$4,$L26>=Everett!BK$4)),"3",IF((AND($M26<=Everett!BK$4,$N26>=Everett!BK$4)),"C",IF((AND($O26<=Everett!BK$4,$P26>=Everett!BK$4)),"CO",IF((AND($Q26<=Everett!BK$4,$R26>=Everett!BK$4)),"C",0)))))) -> 0 | BL26: =IF((AND($F26<=Everett!BL$4,$G26>=Everett!BL$4)),"P/L",IF((AND($I26<=Everett!BL$4,$J26>=Everett!BL$4)),"XO",IF((AND($K26<=Everett!BL$4,$L26>=Everett!BL$4)),"3",IF((AND($M26<=Everett!BL$4,$N26>=Everett!BL$4)),"C",IF((AND($O26<=Everett!BL$4,$P26>=Everett!BL$4)),"CO",IF((AND($Q26<=Everett!BL$4,$R26>=Everett!BL$4)),"C",0)))))) -> 0 | BM26: =IF((AND($F26<=Everett!BM$4,$G26>=Everett!BM$4)),"P/L",IF((AND($I26<=Everett!BM$4,$J26>=Everett!BM$4)),"XO",IF((AND($K26<=Everett!BM$4,$L26>=Everett!BM$4)),"3",IF((AND($M26<=Everett!BM$4,$N26>=Everett!BM$4)),"C",IF((AND($O26<=Everett!BM$4,$P26>=Everett!BM$4)),"CO",IF((AND($Q26<=Everett!BM$4,$R26>=Everett!BM$4)),"C",0)))))) -> 0 | BN26: =IF((AND($F26<=Everett!BN$4,$G26>=Everett!BN$4)),"P/L",IF((AND($I26<=Everett!BN$4,$J26>=Everett!BN$4)),"XO",IF((AND($K26<=Everett!BN$4,$L26>=Everett!BN$4)),"3",IF((AND($M26<=Everett!BN$4,$N26>=Everett!BN$4)),"C",IF((AND($O26<=Everett!BN$4,$P26>=Everett!BN$4)),"CO",IF((AND($Q26<=Everett!BN$4,$R26>=Everett!BN$4)),"C",0)))))) -> 0 | ... CM26: =IF((AND($F26<=Everett!CM$4,$G26>=Everett!CM$4)),"P/L",IF((AND($I26<=Everett!CM$4,$J26>=Everett!CM$4)),"XO",IF((AND($K26<=Everett!CM$4,$L26>=Everett!CM$4)),"3",IF((AND($M26<=Everett!CM$4,$N26>=Everett!CM$4)),"C",IF((AND($O26<=Everett!CM$4,$P26>=Everett!CM$4)),"CO",IF((AND($Q26<=Everett!CM$4,$R26>=Everett!CM$4)),"C",0)))))) -> 0
A27: MERRITT EMILY S | C27: 18 | D27: 16 | E27: 1 | I27: 45894 | J27: =IF(I27="",0,DATE(YEAR(I27),MONTH(I27)+C27,DAY(I27))) -> 46443 | K27: =IF(J27="","",(DATE(YEAR(J27),MONTH(J27)+1,DAY(J27)))) -> 46471 | L27: =IF(K27="","",(DATE(YEAR(K27),MONTH(K27)+E27,DAY(K27)))) -> 46502 | M27: =IF(O27="","",DATE(YEAR(O27), MONTH(O27)-1,DAY(O27))) -> 46532 | N27: =IF(O27="","",DATE(YEAR(M27),MONTH(M27),DAY(M27))) -> 46532 | O27: =IF(L27="","",(DATE(YEAR(L27),MONTH(L27)+2,DAY(L27)))) -> 46563 | P27: =IF(O27="","",(DATE(YEAR(O27),MONTH(O27)+D27,DAY(O27)))) -> 47051 | Q27: =IF(P27="","",DATE(YEAR(P27), MONTH(P27)+1,DAY(P27))) -> 47082 | R27: =IF(P27="","",DATE(YEAR(Q27),MONTH(Q27),DAY(Q27))) -> 47082 | S27: =IF((AND($F27<=Everett!S$4,$G27>=Everett!S$4)),"P/L",IF((AND($I27<=Everett!S$4,$J27>=Everett!S$4)),"XO",IF((AND($K27<=Everett!S$4,$L27>=Everett!S$4)),"3",IF((AND($M27<=Everett!S$4,$N27>=Everett!S$4)),"C",IF((AND($O27<=Everett!S$4,$P27>=Everett!S$4)),"CO",IF((AND($Q27<=Everett!S$4,$R27>=Everett!S$4)),"C",0)))))) -> XO | T27: =IF((AND($F27<=Everett!T$4,$G27>=Everett!T$4)),"P/L",IF((AND($I27<=Everett!T$4,$J27>=Everett!T$4)),"XO",IF((AND($K27<=Everett!T$4,$L27>=Everett!T$4)),"3",IF((AND($M27<=Everett!T$4,$N27>=Everett!T$4)),"C",IF((AND($O27<=Everett!T$4,$P27>=Everett!T$4)),"CO",IF((AND($Q27<=Everett!T$4,$R27>=Everett!T$4)),"C",0)))))) -> XO | U27: =IF((AND($F27<=Everett!U$4,$G27>=Everett!U$4)),"P/L",IF((AND($I27<=Everett!U$4,$J27>=Everett!U$4)),"XO",IF((AND($K27<=Everett!U$4,$L27>=Everett!U$4)),"3",IF((AND($M27<=Everett!U$4,$N27>=Everett!U$4)),"C",IF((AND($O27<=Everett!U$4,$P27>=Everett!U$4)),"CO",IF((AND($Q27<=Everett!U$4,$R27>=Everett!U$4)),"C",0)))))) -> XO | V27: =IF((AND($F27<=Everett!V$4,$G27>=Everett!V$4)),"P/L",IF((AND($I27<=Everett!V$4,$J27>=Everett!V$4)),"XO",IF((AND($K27<=Everett!V$4,$L27>=Everett!V$4)),"3",IF((AND($M27<=Everett!V$4,$N27>=Everett!V$4)),"C",IF((AND($O27<=Everett!V$4,$P27>=Everett!V$4)),"CO",IF((AND($Q27<=Everett!V$4,$R27>=Everett!V$4)),"C",0)))))) -> XO | W27: =IF((AND($F27<=Everett!W$4,$G27>=Everett!W$4)),"P/L",IF((AND($I27<=Everett!W$4,$J27>=Everett!W$4)),"XO",IF((AND($K27<=Everett!W$4,$L27>=Everett!W$4)),"3",IF((AND($M27<=Everett!W$4,$N27>=Everett!W$4)),"C",IF((AND($O27<=Everett!W$4,$P27>=Everett!W$4)),"CO",IF((AND($Q27<=Everett!W$4,$R27>=Everett!W$4)),"C",0)))))) -> XO | X27: =IF((AND($F27<=Everett!X$4,$G27>=Everett!X$4)),"P/L",IF((AND($I27<=Everett!X$4,$J27>=Everett!X$4)),"XO",IF((AND($K27<=Everett!X$4,$L27>=Everett!X$4)),"3",IF((AND($M27<=Everett!X$4,$N27>=Everett!X$4)),"C",IF((AND($O27<=Everett!X$4,$P27>=Everett!X$4)),"CO",IF((AND($Q27<=Everett!X$4,$R27>=Everett!X$4)),"C",0)))))) -> XO | Y27: =IF((AND($F27<=Everett!Y$4,$G27>=Everett!Y$4)),"P/L",IF((AND($I27<=Everett!Y$4,$J27>=Everett!Y$4)),"XO",IF((AND($K27<=Everett!Y$4,$L27>=Everett!Y$4)),"3",IF((AND($M27<=Everett!Y$4,$N27>=Everett!Y$4)),"C",IF((AND($O27<=Everett!Y$4,$P27>=Everett!Y$4)),"CO",IF((AND($Q27<=Everett!Y$4,$R27>=Everett!Y$4)),"C",0)))))) -> XO | Z27: =IF((AND($F27<=Everett!Z$4,$G27>=Everett!Z$4)),"P/L",IF((AND($I27<=Everett!Z$4,$J27>=Everett!Z$4)),"XO",IF((AND($K27<=Everett!Z$4,$L27>=Everett!Z$4)),"3",IF((AND($M27<=Everett!Z$4,$N27>=Everett!Z$4)),"C",IF((AND($O27<=Everett!Z$4,$P27>=Everett!Z$4)),"CO",IF((AND($Q27<=Everett!Z$4,$R27>=Everett!Z$4)),"C",0)))))) -> XO | ... CM27: =IF((AND($F27<=Everett!CM$4,$G27>=Everett!CM$4)),"P/L",IF((AND($I27<=Everett!CM$4,$J27>=Everett!CM$4)),"XO",IF((AND($K27<=Everett!CM$4,$L27>=Everett!CM$4)),"3",IF((AND($M27<=Everett!CM$4,$N27>=Everett!CM$4)),"C",IF((AND($O27<=Everett!CM$4,$P27>=Everett!CM$4)),"CO",IF((AND($Q27<=Everett!CM$4,$R27>=Everett!CM$4)),"C",0)))))) -> 0
A28: 26-1 KIM HYUNG IK | C28: 17 | D28: 16 | E28: 1 | I28: 46471 | J28: =IF(I28="",0,DATE(YEAR(I28),MONTH(I28)+C28,DAY(I28))) -> 46990 | K28: =IF(J28="","",(DATE(YEAR(J28),MONTH(J28)+1,DAY(J28)))) -> 47021 | L28: =IF(K28="","",(DATE(YEAR(K28),MONTH(K28)+E28,DAY(K28)))) -> 47051 | M28: =IF(O28="","",DATE(YEAR(O28), MONTH(O28)-1,DAY(O28))) -> 47082 | N28: =IF(O28="","",DATE(YEAR(M28),MONTH(M28),DAY(M28))) -> 47082 | O28: =IF(L28="","",(DATE(YEAR(L28),MONTH(L28)+2,DAY(L28)))) -> 47112 | P28: =IF(O28="","",(DATE(YEAR(O28),MONTH(O28)+D28,DAY(O28)))) -> 47598 | Q28: =IF(P28="","",DATE(YEAR(P28), MONTH(P28)+1,DAY(P28))) -> 47628 | R28: =IF(P28="","",DATE(YEAR(Q28),MONTH(Q28),DAY(Q28))) -> 47628 | S28: =IF((AND($F28<=Everett!S$4,$G28>=Everett!S$4)),"P/L",IF((AND($I28<=Everett!S$4,$J28>=Everett!S$4)),"XO",IF((AND($K28<=Everett!S$4,$L28>=Everett!S$4)),"3",IF((AND($M28<=Everett!S$4,$N28>=Everett!S$4)),"C",IF((AND($O28<=Everett!S$4,$P28>=Everett!S$4)),"CO",IF((AND($Q28<=Everett!S$4,$R28>=Everett!S$4)),"C",0)))))) -> 0 | T28: =IF((AND($F28<=Everett!T$4,$G28>=Everett!T$4)),"P/L",IF((AND($I28<=Everett!T$4,$J28>=Everett!T$4)),"XO",IF((AND($K28<=Everett!T$4,$L28>=Everett!T$4)),"3",IF((AND($M28<=Everett!T$4,$N28>=Everett!T$4)),"C",IF((AND($O28<=Everett!T$4,$P28>=Everett!T$4)),"CO",IF((AND($Q28<=Everett!T$4,$R28>=Everett!T$4)),"C",0)))))) -> 0 | U28: =IF((AND($F28<=Everett!U$4,$G28>=Everett!U$4)),"P/L",IF((AND($I28<=Everett!U$4,$J28>=Everett!U$4)),"XO",IF((AND($K28<=Everett!U$4,$L28>=Everett!U$4)),"3",IF((AND($M28<=Everett!U$4,$N28>=Everett!U$4)),"C",IF((AND($O28<=Everett!U$4,$P28>=Everett!U$4)),"CO",IF((AND($Q28<=Everett!U$4,$R28>=Everett!U$4)),"C",0)))))) -> 0 | V28: =IF((AND($F28<=Everett!V$4,$G28>=Everett!V$4)),"P/L",IF((AND($I28<=Everett!V$4,$J28>=Everett!V$4)),"XO",IF((AND($K28<=Everett!V$4,$L28>=Everett!V$4)),"3",IF((AND($M28<=Everett!V$4,$N28>=Everett!V$4)),"C",IF((AND($O28<=Everett!V$4,$P28>=Everett!V$4)),"CO",IF((AND($Q28<=Everett!V$4,$R28>=Everett!V$4)),"C",0)))))) -> 0 | W28: =IF((AND($F28<=Everett!W$4,$G28>=Everett!W$4)),"P/L",IF((AND($I28<=Everett!W$4,$J28>=Everett!W$4)),"XO",IF((AND($K28<=Everett!W$4,$L28>=Everett!W$4)),"3",IF((AND($M28<=Everett!W$4,$N28>=Everett!W$4)),"C",IF((AND($O28<=Everett!W$4,$P28>=Everett!W$4)),"CO",IF((AND($Q28<=Everett!W$4,$R28>=Everett!W$4)),"C",0)))))) -> 0 | X28: =IF((AND($F28<=Everett!X$4,$G28>=Everett!X$4)),"P/L",IF((AND($I28<=Everett!X$4,$J28>=Everett!X$4)),"XO",IF((AND($K28<=Everett!X$4,$L28>=Everett!X$4)),"3",IF((AND($M28<=Everett!X$4,$N28>=Everett!X$4)),"C",IF((AND($O28<=Everett!X$4,$P28>=Everett!X$4)),"CO",IF((AND($Q28<=Everett!X$4,$R28>=Everett!X$4)),"C",0)))))) -> 0 | Y28: =IF((AND($F28<=Everett!Y$4,$G28>=Everett!Y$4)),"P/L",IF((AND($I28<=Everett!Y$4,$J28>=Everett!Y$4)),"XO",IF((AND($K28<=Everett!Y$4,$L28>=Everett!Y$4)),"3",IF((AND($M28<=Everett!Y$4,$N28>=Everett!Y$4)),"C",IF((AND($O28<=Everett!Y$4,$P28>=Everett!Y$4)),"CO",IF((AND($Q28<=Everett!Y$4,$R28>=Everett!Y$4)),"C",0)))))) -> 0 | Z28: =IF((AND($F28<=Everett!Z$4,$G28>=Everett!Z$4)),"P/L",IF((AND($I28<=Everett!Z$4,$J28>=Everett!Z$4)),"XO",IF((AND($K28<=Everett!Z$4,$L28>=Everett!Z$4)),"3",IF((AND($M28<=Everett!Z$4,$N28>=Everett!Z$4)),"C",IF((AND($O28<=Everett!Z$4,$P28>=Everett!Z$4)),"CO",IF((AND($Q28<=Everett!Z$4,$R28>=Everett!Z$4)),"C",0)))))) -> 0 | ... CM28: =IF((AND($F28<=Everett!CM$4,$G28>=Everett!CM$4)),"P/L",IF((AND($I28<=Everett!CM$4,$J28>=Everett!CM$4)),"XO",IF((AND($K28<=Everett!CM$4,$L28>=Everett!CM$4)),"3",IF((AND($M28<=Everett!CM$4,$N28>=Everett!CM$4)),"C",IF((AND($O28<=Everett!CM$4,$P28>=Everett!CM$4)),"CO",IF((AND($Q28<=Everett!CM$4,$R28>=Everett!CM$4)),"C",0)))))) -> 0
A29: 27-2 | C29: 17 | D29: 16 | E29: 1 | I29: 47021 | J29: =IF(I29="",0,DATE(YEAR(I29),MONTH(I29)+C29,DAY(I29))) -> 47539 | K29: =IF(J29="","",(DATE(YEAR(J29),MONTH(J29)+1,DAY(J29)))) -> 47567 | L29: =IF(K29="","",(DATE(YEAR(K29),MONTH(K29)+E29,DAY(K29)))) -> 47598 | M29: =IF(O29="","",DATE(YEAR(O29), MONTH(O29)-1,DAY(O29))) -> 47628 | N29: =IF(O29="","",DATE(YEAR(M29),MONTH(M29),DAY(M29))) -> 47628 | O29: =IF(L29="","",(DATE(YEAR(L29),MONTH(L29)+2,DAY(L29)))) -> 47659 | P29: =IF(O29="","",(DATE(YEAR(O29),MONTH(O29)+D29,DAY(O29)))) -> 48146 | Q29: =IF(P29="","",DATE(YEAR(P29), MONTH(P29)+1,DAY(P29))) -> 48177 | R29: =IF(P29="","",DATE(YEAR(Q29),MONTH(Q29),DAY(Q29))) -> 48177 | S29: =IF((AND($F29<=Everett!S$4,$G29>=Everett!S$4)),"P/L",IF((AND($I29<=Everett!S$4,$J29>=Everett!S$4)),"XO",IF((AND($K29<=Everett!S$4,$L29>=Everett!S$4)),"3",IF((AND($M29<=Everett!S$4,$N29>=Everett!S$4)),"C",IF((AND($O29<=Everett!S$4,$P29>=Everett!S$4)),"CO",IF((AND($Q29<=Everett!S$4,$R29>=Everett!S$4)),"C",0)))))) -> 0 | T29: =IF((AND($F29<=Everett!T$4,$G29>=Everett!T$4)),"P/L",IF((AND($I29<=Everett!T$4,$J29>=Everett!T$4)),"XO",IF((AND($K29<=Everett!T$4,$L29>=Everett!T$4)),"3",IF((AND($M29<=Everett!T$4,$N29>=Everett!T$4)),"C",IF((AND($O29<=Everett!T$4,$P29>=Everett!T$4)),"CO",IF((AND($Q29<=Everett!T$4,$R29>=Everett!T$4)),"C",0)))))) -> 0 | U29: =IF((AND($F29<=Everett!U$4,$G29>=Everett!U$4)),"P/L",IF((AND($I29<=Everett!U$4,$J29>=Everett!U$4)),"XO",IF((AND($K29<=Everett!U$4,$L29>=Everett!U$4)),"3",IF((AND($M29<=Everett!U$4,$N29>=Everett!U$4)),"C",IF((AND($O29<=Everett!U$4,$P29>=Everett!U$4)),"CO",IF((AND($Q29<=Everett!U$4,$R29>=Everett!U$4)),"C",0)))))) -> 0 | V29: =IF((AND($F29<=Everett!V$4,$G29>=Everett!V$4)),"P/L",IF((AND($I29<=Everett!V$4,$J29>=Everett!V$4)),"XO",IF((AND($K29<=Everett!V$4,$L29>=Everett!V$4)),"3",IF((AND($M29<=Everett!V$4,$N29>=Everett!V$4)),"C",IF((AND($O29<=Everett!V$4,$P29>=Everett!V$4)),"CO",IF((AND($Q29<=Everett!V$4,$R29>=Everett!V$4)),"C",0)))))) -> 0 | W29: =IF((AND($F29<=Everett!W$4,$G29>=Everett!W$4)),"P/L",IF((AND($I29<=Everett!W$4,$J29>=Everett!W$4)),"XO",IF((AND($K29<=Everett!W$4,$L29>=Everett!W$4)),"3",IF((AND($M29<=Everett!W$4,$N29>=Everett!W$4)),"C",IF((AND($O29<=Everett!W$4,$P29>=Everett!W$4)),"CO",IF((AND($Q29<=Everett!W$4,$R29>=Everett!W$4)),"C",0)))))) -> 0 | X29: =IF((AND($F29<=Everett!X$4,$G29>=Everett!X$4)),"P/L",IF((AND($I29<=Everett!X$4,$J29>=Everett!X$4)),"XO",IF((AND($K29<=Everett!X$4,$L29>=Everett!X$4)),"3",IF((AND($M29<=Everett!X$4,$N29>=Everett!X$4)),"C",IF((AND($O29<=Everett!X$4,$P29>=Everett!X$4)),"CO",IF((AND($Q29<=Everett!X$4,$R29>=Everett!X$4)),"C",0)))))) -> 0 | Y29: =IF((AND($F29<=Everett!Y$4,$G29>=Everett!Y$4)),"P/L",IF((AND($I29<=Everett!Y$4,$J29>=Everett!Y$4)),"XO",IF((AND($K29<=Everett!Y$4,$L29>=Everett!Y$4)),"3",IF((AND($M29<=Everett!Y$4,$N29>=Everett!Y$4)),"C",IF((AND($O29<=Everett!Y$4,$P29>=Everett!Y$4)),"CO",IF((AND($Q29<=Everett!Y$4,$R29>=Everett!Y$4)),"C",0)))))) -> 0 | Z29: =IF((AND($F29<=Everett!Z$4,$G29>=Everett!Z$4)),"P/L",IF((AND($I29<=Everett!Z$4,$J29>=Everett!Z$4)),"XO",IF((AND($K29<=Everett!Z$4,$L29>=Everett!Z$4)),"3",IF((AND($M29<=Everett!Z$4,$N29>=Everett!Z$4)),"C",IF((AND($O29<=Everett!Z$4,$P29>=Everett!Z$4)),"CO",IF((AND($Q29<=Everett!Z$4,$R29>=Everett!Z$4)),"C",0)))))) -> 0 | ... CM29: =IF((AND($F29<=Everett!CM$4,$G29>=Everett!CM$4)),"P/L",IF((AND($I29<=Everett!CM$4,$J29>=Everett!CM$4)),"XO",IF((AND($K29<=Everett!CM$4,$L29>=Everett!CM$4)),"3",IF((AND($M29<=Everett!CM$4,$N29>=Everett!CM$4)),"C",IF((AND($O29<=Everett!CM$4,$P29>=Everett!CM$4)),"CO",IF((AND($Q29<=Everett!CM$4,$R29>=Everett!CM$4)),"C",0)))))) -> 0
A30: GRIDLEY (DDG 101) - 23151 | S30: =$A$2-DAY($A$2)+1 -> 46054 | T30: =DATE(YEAR(S30),MONTH(S30)+1,DAY(S30)) -> 46082 | U30: =DATE(YEAR(T30),MONTH(T30)+1,DAY(T30)) -> 46113 | V30: =DATE(YEAR(U30),MONTH(U30)+1,DAY(U30)) -> 46143 | W30: =DATE(YEAR(V30),MONTH(V30)+1,DAY(V30)) -> 46174 | X30: =DATE(YEAR(W30),MONTH(W30)+1,DAY(W30)) -> 46204 | Y30: =DATE(YEAR(X30),MONTH(X30)+1,DAY(X30)) -> 46235 | Z30: =DATE(YEAR(Y30),MONTH(Y30)+1,DAY(Y30)) -> 46266 | AA30: =DATE(YEAR(Z30),MONTH(Z30)+1,DAY(Z30)) -> 46296 | ... CM30: =DATE(YEAR(CL30),MONTH(CL30)+1,DAY(CL30)) -> 48245
A31: KEEL MAGDALENA MARCE | C31: 19 | D31: 16 | E31: 1 | H31: =G31-F31 -> 0 | I31: 45292 | J31: =IF(I31="",0,DATE(YEAR(I31),MONTH(I31)+C31,DAY(I31))) -> 45870 | K31: =IF(J31="","",(DATE(YEAR(J31),MONTH(J31)+1,DAY(J31)))) -> 45901 | L31: =IF(K31="","",(DATE(YEAR(K31),MONTH(K31)+E31,DAY(K31)))) -> 45931 | M31: =IF(O31="","",DATE(YEAR(O31), MONTH(O31)-1,DAY(O31))) -> 45962 | N31: =IF(O31="","",DATE(YEAR(M31),MONTH(M31),DAY(M31))) -> 45962 | O31: =IF(L31="","",(DATE(YEAR(L31),MONTH(L31)+2,DAY(L31)))) -> 45992 | P31: =IF(O31="","",(DATE(YEAR(O31),MONTH(O31)+D31,DAY(O31)))) -> 46478 | Q31: =IF(P31="","",DATE(YEAR(P31), MONTH(P31)+1,DAY(P31))) -> 46508 | R31: =IF(P31="","",DATE(YEAR(Q31),MONTH(Q31),DAY(Q31))) -> 46508 | S31: =IF((AND($F31<=S$4,$G31>=S$4)),"P/L",IF((AND($I31<=S$4,$J31>=S$4)),"XO",IF((AND($K31<=S$4,$L31>=S$4)),"3",IF((AND($M31<=S$4,$N31>=S$4)),"C",IF((AND($O31<=S$4,$P31>=S$4)),"CO",IF((AND($Q31<=S$4,$R31>=S$4)),"C",0)))))) -> CO | T31: =IF((AND($F31<=T$4,$G31>=T$4)),"P/L",IF((AND($I31<=T$4,$J31>=T$4)),"XO",IF((AND($K31<=T$4,$L31>=T$4)),"3",IF((AND($M31<=T$4,$N31>=T$4)),"C",IF((AND($O31<=T$4,$P31>=T$4)),"CO",IF((AND($Q31<=T$4,$R31>=T$4)),"C",0)))))) -> CO | U31: =IF((AND($F31<=U$4,$G31>=U$4)),"P/L",IF((AND($I31<=U$4,$J31>=U$4)),"XO",IF((AND($K31<=U$4,$L31>=U$4)),"3",IF((AND($M31<=U$4,$N31>=U$4)),"C",IF((AND($O31<=U$4,$P31>=U$4)),"CO",IF((AND($Q31<=U$4,$R31>=U$4)),"C",0)))))) -> CO | V31: =IF((AND($F31<=V$4,$G31>=V$4)),"P/L",IF((AND($I31<=V$4,$J31>=V$4)),"XO",IF((AND($K31<=V$4,$L31>=V$4)),"3",IF((AND($M31<=V$4,$N31>=V$4)),"C",IF((AND($O31<=V$4,$P31>=V$4)),"CO",IF((AND($Q31<=V$4,$R31>=V$4)),"C",0)))))) -> CO | W31: =IF((AND($F31<=W$4,$G31>=W$4)),"P/L",IF((AND($I31<=W$4,$J31>=W$4)),"XO",IF((AND($K31<=W$4,$L31>=W$4)),"3",IF((AND($M31<=W$4,$N31>=W$4)),"C",IF((AND($O31<=W$4,$P31>=W$4)),"CO",IF((AND($Q31<=W$4,$R31>=W$4)),"C",0)))))) -> CO | X31: =IF((AND($F31<=X$4,$G31>=X$4)),"P/L",IF((AND($I31<=X$4,$J31>=X$4)),"XO",IF((AND($K31<=X$4,$L31>=X$4)),"3",IF((AND($M31<=X$4,$N31>=X$4)),"C",IF((AND($O31<=X$4,$P31>=X$4)),"CO",IF((AND($Q31<=X$4,$R31>=X$4)),"C",0)))))) -> CO | Y31: =IF((AND($F31<=Y$4,$G31>=Y$4)),"P/L",IF((AND($I31<=Y$4,$J31>=Y$4)),"XO",IF((AND($K31<=Y$4,$L31>=Y$4)),"3",IF((AND($M31<=Y$4,$N31>=Y$4)),"C",IF((AND($O31<=Y$4,$P31>=Y$4)),"CO",IF((AND($Q31<=Y$4,$R31>=Y$4)),"C",0)))))) -> CO | Z31: =IF((AND($F31<=Z$4,$G31>=Z$4)),"P/L",IF((AND($I31<=Z$4,$J31>=Z$4)),"XO",IF((AND($K31<=Z$4,$L31>=Z$4)),"3",IF((AND($M31<=Z$4,$N31>=Z$4)),"C",IF((AND($O31<=Z$4,$P31>=Z$4)),"CO",IF((AND($Q31<=Z$4,$R31>=Z$4)),"C",0)))))) -> CO | ... BF31: =IF((AND($F31<=BF$4,$G31>=BF$4)),"P/L",IF((AND($I31<=BF$4,$J31>=BF$4)),"XO",IF((AND($K31<=BF$4,$L31>=BF$4)),"3",IF((AND($M31<=BF$4,$N31>=BF$4)),"C",IF((AND($O31<=BF$4,$P31>=BF$4)),"CO",IF((AND($Q31<=BF$4,$R31>=BF$4)),"C",0)))))) -> 0 | BG31: =IF((AND($F31<=Everett!BG$4,$G31>=Everett!BG$4)),"P/L",IF((AND($I31<=Everett!BG$4,$J31>=Everett!BG$4)),"XO",IF((AND($K31<=Everett!BG$4,$L31>=Everett!BG$4)),"3",IF((AND($M31<=Everett!BG$4,$N31>=Everett!BG$4)),"C",IF((AND($O31<=Everett!BG$4,$P31>=Everett!BG$4)),"CO",IF((AND($Q31<=Everett!BG$4,$R31>=Everett!BG$4)),"C",0)))))) -> 0 | BH31: =IF((AND($F31<=Everett!BH$4,$G31>=Everett!BH$4)),"P/L",IF((AND($I31<=Everett!BH$4,$J31>=Everett!BH$4)),"XO",IF((AND($K31<=Everett!BH$4,$L31>=Everett!BH$4)),"3",IF((AND($M31<=Everett!BH$4,$N31>=Everett!BH$4)),"C",IF((AND($O31<=Everett!BH$4,$P31>=Everett!BH$4)),"CO",IF((AND($Q31<=Everett!BH$4,$R31>=Everett!BH$4)),"C",0)))))) -> 0 | BI31: =IF((AND($F31<=Everett!BI$4,$G31>=Everett!BI$4)),"P/L",IF((AND($I31<=Everett!BI$4,$J31>=Everett!BI$4)),"XO",IF((AND($K31<=Everett!BI$4,$L31>=Everett!BI$4)),"3",IF((AND($M31<=Everett!BI$4,$N31>=Everett!BI$4)),"C",IF((AND($O31<=Everett!BI$4,$P31>=Everett!BI$4)),"CO",IF((AND($Q31<=Everett!BI$4,$R31>=Everett!BI$4)),"C",0)))))) -> 0 | BJ31: =IF((AND($F31<=Everett!BJ$4,$G31>=Everett!BJ$4)),"P/L",IF((AND($I31<=Everett!BJ$4,$J31>=Everett!BJ$4)),"XO",IF((AND($K31<=Everett!BJ$4,$L31>=Everett!BJ$4)),"3",IF((AND($M31<=Everett!BJ$4,$N31>=Everett!BJ$4)),"C",IF((AND($O31<=Everett!BJ$4,$P31>=Everett!BJ$4)),"CO",IF((AND($Q31<=Everett!BJ$4,$R31>=Everett!BJ$4)),"C",0)))))) -> 0 | BK31: =IF((AND($F31<=Everett!BK$4,$G31>=Everett!BK$4)),"P/L",IF((AND($I31<=Everett!BK$4,$J31>=Everett!BK$4)),"XO",IF((AND($K31<=Everett!BK$4,$L31>=Everett!BK$4)),"3",IF((AND($M31<=Everett!BK$4,$N31>=Everett!BK$4)),"C",IF((AND($O31<=Everett!BK$4,$P31>=Everett!BK$4)),"CO",IF((AND($Q31<=Everett!BK$4,$R31>=Everett!BK$4)),"C",0)))))) -> 0 | BL31: =IF((AND($F31<=Everett!BL$4,$G31>=Everett!BL$4)),"P/L",IF((AND($I31<=Everett!BL$4,$J31>=Everett!BL$4)),"XO",IF((AND($K31<=Everett!BL$4,$L31>=Everett!BL$4)),"3",IF((AND($M31<=Everett!BL$4,$N31>=Everett!BL$4)),"C",IF((AND($O31<=Everett!BL$4,$P31>=Everett!BL$4)),"CO",IF((AND($Q31<=Everett!BL$4,$R31>=Everett!BL$4)),"C",0)))))) -> 0 | BM31: =IF((AND($F31<=Everett!BM$4,$G31>=Everett!BM$4)),"P/L",IF((AND($I31<=Everett!BM$4,$J31>=Everett!BM$4)),"XO",IF((AND($K31<=Everett!BM$4,$L31>=Everett!BM$4)),"3",IF((AND($M31<=Everett!BM$4,$N31>=Everett!BM$4)),"C",IF((AND($O31<=Everett!BM$4,$P31>=Everett!BM$4)),"CO",IF((AND($Q31<=Everett!BM$4,$R31>=Everett!BM$4)),"C",0)))))) -> 0 | BN31: =IF((AND($F31<=Everett!BN$4,$G31>=Everett!BN$4)),"P/L",IF((AND($I31<=Everett!BN$4,$J31>=Everett!BN$4)),"XO",IF((AND($K31<=Everett!BN$4,$L31>=Everett!BN$4)),"3",IF((AND($M31<=Everett!BN$4,$N31>=Everett!BN$4)),"C",IF((AND($O31<=Everett!BN$4,$P31>=Everett!BN$4)),"CO",IF((AND($Q31<=Everett!BN$4,$R31>=Everett!BN$4)),"C",0)))))) -> 0 | ... CM31: =IF((AND($F31<=Everett!CM$4,$G31>=Everett!CM$4)),"P/L",IF((AND($I31<=Everett!CM$4,$J31>=Everett!CM$4)),"XO",IF((AND($K31<=Everett!CM$4,$L31>=Everett!CM$4)),"3",IF((AND($M31<=Everett!CM$4,$N31>=Everett!CM$4)),"C",IF((AND($O31<=Everett!CM$4,$P31>=Everett!CM$4)),"CO",IF((AND($Q31<=Everett!CM$4,$R31>=Everett!CM$4)),"C",0)))))) -> 0
A32: JESTRAB MAREK C | C32: 20 | D32: 17 | E32: 1 | I32: 45833 | J32: =IF(I32="",0,DATE(YEAR(I32),MONTH(I32)+C32,DAY(I32))) -> 46443 | K32: =IF(J32="","",(DATE(YEAR(J32),MONTH(J32)+1,DAY(J32)))) -> 46471 | L32: =IF(K32="","",(DATE(YEAR(K32),MONTH(K32)+E32,DAY(K32)))) -> 46502 | M32: =IF(O32="","",DATE(YEAR(O32), MONTH(O32)-1,DAY(O32))) -> 46532 | N32: =IF(O32="","",DATE(YEAR(M32),MONTH(M32),DAY(M32))) -> 46532 | O32: =IF(L32="","",(DATE(YEAR(L32),MONTH(L32)+2,DAY(L32)))) -> 46563 | P32: =IF(O32="","",(DATE(YEAR(O32),MONTH(O32)+D32,DAY(O32)))) -> 47082 | Q32: =IF(P32="","",DATE(YEAR(P32), MONTH(P32)+1,DAY(P32))) -> 47112 | R32: =IF(P32="","",DATE(YEAR(Q32),MONTH(Q32),DAY(Q32))) -> 47112 | S32: =IF((AND($F32<=S$4,$G32>=S$4)),"P/L",IF((AND($I32<=S$4,$J32>=S$4)),"XO",IF((AND($K32<=S$4,$L32>=S$4)),"3",IF((AND($M32<=S$4,$N32>=S$4)),"C",IF((AND($O32<=S$4,$P32>=S$4)),"CO",IF((AND($Q32<=S$4,$R32>=S$4)),"C",0)))))) -> XO | T32: =IF((AND($F32<=T$4,$G32>=T$4)),"P/L",IF((AND($I32<=T$4,$J32>=T$4)),"XO",IF((AND($K32<=T$4,$L32>=T$4)),"3",IF((AND($M32<=T$4,$N32>=T$4)),"C",IF((AND($O32<=T$4,$P32>=T$4)),"CO",IF((AND($Q32<=T$4,$R32>=T$4)),"C",0)))))) -> XO | U32: =IF((AND($F32<=U$4,$G32>=U$4)),"P/L",IF((AND($I32<=U$4,$J32>=U$4)),"XO",IF((AND($K32<=U$4,$L32>=U$4)),"3",IF((AND($M32<=U$4,$N32>=U$4)),"C",IF((AND($O32<=U$4,$P32>=U$4)),"CO",IF((AND($Q32<=U$4,$R32>=U$4)),"C",0)))))) -> XO | V32: =IF((AND($F32<=V$4,$G32>=V$4)),"P/L",IF((AND($I32<=V$4,$J32>=V$4)),"XO",IF((AND($K32<=V$4,$L32>=V$4)),"3",IF((AND($M32<=V$4,$N32>=V$4)),"C",IF((AND($O32<=V$4,$P32>=V$4)),"CO",IF((AND($Q32<=V$4,$R32>=V$4)),"C",0)))))) -> XO | W32: =IF((AND($F32<=W$4,$G32>=W$4)),"P/L",IF((AND($I32<=W$4,$J32>=W$4)),"XO",IF((AND($K32<=W$4,$L32>=W$4)),"3",IF((AND($M32<=W$4,$N32>=W$4)),"C",IF((AND($O32<=W$4,$P32>=W$4)),"CO",IF((AND($Q32<=W$4,$R32>=W$4)),"C",0)))))) -> XO | X32: =IF((AND($F32<=X$4,$G32>=X$4)),"P/L",IF((AND($I32<=X$4,$J32>=X$4)),"XO",IF((AND($K32<=X$4,$L32>=X$4)),"3",IF((AND($M32<=X$4,$N32>=X$4)),"C",IF((AND($O32<=X$4,$P32>=X$4)),"CO",IF((AND($Q32<=X$4,$R32>=X$4)),"C",0)))))) -> XO | Y32: =IF((AND($F32<=Y$4,$G32>=Y$4)),"P/L",IF((AND($I32<=Y$4,$J32>=Y$4)),"XO",IF((AND($K32<=Y$4,$L32>=Y$4)),"3",IF((AND($M32<=Y$4,$N32>=Y$4)),"C",IF((AND($O32<=Y$4,$P32>=Y$4)),"CO",IF((AND($Q32<=Y$4,$R32>=Y$4)),"C",0)))))) -> XO | Z32: =IF((AND($F32<=Z$4,$G32>=Z$4)),"P/L",IF((AND($I32<=Z$4,$J32>=Z$4)),"XO",IF((AND($K32<=Z$4,$L32>=Z$4)),"3",IF((AND($M32<=Z$4,$N32>=Z$4)),"C",IF((AND($O32<=Z$4,$P32>=Z$4)),"CO",IF((AND($Q32<=Z$4,$R32>=Z$4)),"C",0)))))) -> XO | ... BF32: =IF((AND($F32<=BF$4,$G32>=BF$4)),"P/L",IF((AND($I32<=BF$4,$J32>=BF$4)),"XO",IF((AND($K32<=BF$4,$L32>=BF$4)),"3",IF((AND($M32<=BF$4,$N32>=BF$4)),"C",IF((AND($O32<=BF$4,$P32>=BF$4)),"CO",IF((AND($Q32<=BF$4,$R32>=BF$4)),"C",0)))))) -> 0 | BG32: =IF((AND($F32<=Everett!BG$4,$G32>=Everett!BG$4)),"P/L",IF((AND($I32<=Everett!BG$4,$J32>=Everett!BG$4)),"XO",IF((AND($K32<=Everett!BG$4,$L32>=Everett!BG$4)),"3",IF((AND($M32<=Everett!BG$4,$N32>=Everett!BG$4)),"C",IF((AND($O32<=Everett!BG$4,$P32>=Everett!BG$4)),"CO",IF((AND($Q32<=Everett!BG$4,$R32>=Everett!BG$4)),"C",0)))))) -> 0 | BH32: =IF((AND($F32<=Everett!BH$4,$G32>=Everett!BH$4)),"P/L",IF((AND($I32<=Everett!BH$4,$J32>=Everett!BH$4)),"XO",IF((AND($K32<=Everett!BH$4,$L32>=Everett!BH$4)),"3",IF((AND($M32<=Everett!BH$4,$N32>=Everett!BH$4)),"C",IF((AND($O32<=Everett!BH$4,$P32>=Everett!BH$4)),"CO",IF((AND($Q32<=Everett!BH$4,$R32>=Everett!BH$4)),"C",0)))))) -> 0 | BI32: =IF((AND($F32<=Everett!BI$4,$G32>=Everett!BI$4)),"P/L",IF((AND($I32<=Everett!BI$4,$J32>=Everett!BI$4)),"XO",IF((AND($K32<=Everett!BI$4,$L32>=Everett!BI$4)),"3",IF((AND($M32<=Everett!BI$4,$N32>=Everett!BI$4)),"C",IF((AND($O32<=Everett!BI$4,$P32>=Everett!BI$4)),"CO",IF((AND($Q32<=Everett!BI$4,$R32>=Everett!BI$4)),"C",0)))))) -> 0 | BJ32: =IF((AND($F32<=Everett!BJ$4,$G32>=Everett!BJ$4)),"P/L",IF((AND($I32<=Everett!BJ$4,$J32>=Everett!BJ$4)),"XO",IF((AND($K32<=Everett!BJ$4,$L32>=Everett!BJ$4)),"3",IF((AND($M32<=Everett!BJ$4,$N32>=Everett!BJ$4)),"C",IF((AND($O32<=Everett!BJ$4,$P32>=Everett!BJ$4)),"CO",IF((AND($Q32<=Everett!BJ$4,$R32>=Everett!BJ$4)),"C",0)))))) -> 0 | BK32: =IF((AND($F32<=Everett!BK$4,$G32>=Everett!BK$4)),"P/L",IF((AND($I32<=Everett!BK$4,$J32>=Everett!BK$4)),"XO",IF((AND($K32<=Everett!BK$4,$L32>=Everett!BK$4)),"3",IF((AND($M32<=Everett!BK$4,$N32>=Everett!BK$4)),"C",IF((AND($O32<=Everett!BK$4,$P32>=Everett!BK$4)),"CO",IF((AND($Q32<=Everett!BK$4,$R32>=Everett!BK$4)),"C",0)))))) -> 0 | BL32: =IF((AND($F32<=Everett!BL$4,$G32>=Everett!BL$4)),"P/L",IF((AND($I32<=Everett!BL$4,$J32>=Everett!BL$4)),"XO",IF((AND($K32<=Everett!BL$4,$L32>=Everett!BL$4)),"3",IF((AND($M32<=Everett!BL$4,$N32>=Everett!BL$4)),"C",IF((AND($O32<=Everett!BL$4,$P32>=Everett!BL$4)),"CO",IF((AND($Q32<=Everett!BL$4,$R32>=Everett!BL$4)),"C",0)))))) -> 0 | BM32: =IF((AND($F32<=Everett!BM$4,$G32>=Everett!BM$4)),"P/L",IF((AND($I32<=Everett!BM$4,$J32>=Everett!BM$4)),"XO",IF((AND($K32<=Everett!BM$4,$L32>=Everett!BM$4)),"3",IF((AND($M32<=Everett!BM$4,$N32>=Everett!BM$4)),"C",IF((AND($O32<=Everett!BM$4,$P32>=Everett!BM$4)),"CO",IF((AND($Q32<=Everett!BM$4,$R32>=Everett!BM$4)),"C",0)))))) -> 0 | BN32: =IF((AND($F32<=Everett!BN$4,$G32>=Everett!BN$4)),"P/L",IF((AND($I32<=Everett!BN$4,$J32>=Everett!BN$4)),"XO",IF((AND($K32<=Everett!BN$4,$L32>=Everett!BN$4)),"3",IF((AND($M32<=Everett!BN$4,$N32>=Everett!BN$4)),"C",IF((AND($O32<=Everett!BN$4,$P32>=Everett!BN$4)),"CO",IF((AND($Q32<=Everett!BN$4,$R32>=Everett!BN$4)),"C",0)))))) -> 0 | ... CM32: =IF((AND($F32<=Everett!CM$4,$G32>=Everett!CM$4)),"P/L",IF((AND($I32<=Everett!CM$4,$J32>=Everett!CM$4)),"XO",IF((AND($K32<=Everett!CM$4,$L32>=Everett!CM$4)),"3",IF((AND($M32<=Everett!CM$4,$N32>=Everett!CM$4)),"C",IF((AND($O32<=Everett!CM$4,$P32>=Everett!CM$4)),"CO",IF((AND($Q32<=Everett!CM$4,$R32>=Everett!CM$4)),"C",0)))))) -> 0
A33: CASSELS MARLEY EMILIA | C33: 18 | D33: 16 | E33: 1 | I33: 46447 | J33: =IF(I33="",0,DATE(YEAR(I33),MONTH(I33)+C33,DAY(I33))) -> 46997 | K33: =IF(J33="","",(DATE(YEAR(J33),MONTH(J33)+1,DAY(J33)))) -> 47027 | L33: =IF(K33="","",(DATE(YEAR(K33),MONTH(K33)+E33,DAY(K33)))) -> 47058 | M33: =IF(O33="","",DATE(YEAR(O33), MONTH(O33)-1,DAY(O33))) -> 47088 | N33: =IF(O33="","",DATE(YEAR(M33),MONTH(M33),DAY(M33))) -> 47088 | O33: =IF(L33="","",(DATE(YEAR(L33),MONTH(L33)+2,DAY(L33)))) -> 47119 | P33: =IF(O33="","",(DATE(YEAR(O33),MONTH(O33)+D33,DAY(O33)))) -> 47604 | Q33: =IF(P33="","",DATE(YEAR(P33), MONTH(P33)+1,DAY(P33))) -> 47635 | R33: =IF(P33="","",DATE(YEAR(Q33),MONTH(Q33),DAY(Q33))) -> 47635 | S33: =IF((AND($F33<=S$4,$G33>=S$4)),"P/L",IF((AND($I33<=S$4,$J33>=S$4)),"XO",IF((AND($K33<=S$4,$L33>=S$4)),"3",IF((AND($M33<=S$4,$N33>=S$4)),"C",IF((AND($O33<=S$4,$P33>=S$4)),"CO",IF((AND($Q33<=S$4,$R33>=S$4)),"C",0)))))) -> 0 | T33: =IF((AND($F33<=T$4,$G33>=T$4)),"P/L",IF((AND($I33<=T$4,$J33>=T$4)),"XO",IF((AND($K33<=T$4,$L33>=T$4)),"3",IF((AND($M33<=T$4,$N33>=T$4)),"C",IF((AND($O33<=T$4,$P33>=T$4)),"CO",IF((AND($Q33<=T$4,$R33>=T$4)),"C",0)))))) -> 0 | U33: =IF((AND($F33<=U$4,$G33>=U$4)),"P/L",IF((AND($I33<=U$4,$J33>=U$4)),"XO",IF((AND($K33<=U$4,$L33>=U$4)),"3",IF((AND($M33<=U$4,$N33>=U$4)),"C",IF((AND($O33<=U$4,$P33>=U$4)),"CO",IF((AND($Q33<=U$4,$R33>=U$4)),"C",0)))))) -> 0 | V33: =IF((AND($F33<=V$4,$G33>=V$4)),"P/L",IF((AND($I33<=V$4,$J33>=V$4)),"XO",IF((AND($K33<=V$4,$L33>=V$4)),"3",IF((AND($M33<=V$4,$N33>=V$4)),"C",IF((AND($O33<=V$4,$P33>=V$4)),"CO",IF((AND($Q33<=V$4,$R33>=V$4)),"C",0)))))) -> 0 | W33: =IF((AND($F33<=W$4,$G33>=W$4)),"P/L",IF((AND($I33<=W$4,$J33>=W$4)),"XO",IF((AND($K33<=W$4,$L33>=W$4)),"3",IF((AND($M33<=W$4,$N33>=W$4)),"C",IF((AND($O33<=W$4,$P33>=W$4)),"CO",IF((AND($Q33<=W$4,$R33>=W$4)),"C",0)))))) -> 0 | X33: =IF((AND($F33<=X$4,$G33>=X$4)),"P/L",IF((AND($I33<=X$4,$J33>=X$4)),"XO",IF((AND($K33<=X$4,$L33>=X$4)),"3",IF((AND($M33<=X$4,$N33>=X$4)),"C",IF((AND($O33<=X$4,$P33>=X$4)),"CO",IF((AND($Q33<=X$4,$R33>=X$4)),"C",0)))))) -> 0 | Y33: =IF((AND($F33<=Y$4,$G33>=Y$4)),"P/L",IF((AND($I33<=Y$4,$J33>=Y$4)),"XO",IF((AND($K33<=Y$4,$L33>=Y$4)),"3",IF((AND($M33<=Y$4,$N33>=Y$4)),"C",IF((AND($O33<=Y$4,$P33>=Y$4)),"CO",IF((AND($Q33<=Y$4,$R33>=Y$4)),"C",0)))))) -> 0 | Z33: =IF((AND($F33<=Z$4,$G33>=Z$4)),"P/L",IF((AND($I33<=Z$4,$J33>=Z$4)),"XO",IF((AND($K33<=Z$4,$L33>=Z$4)),"3",IF((AND($M33<=Z$4,$N33>=Z$4)),"C",IF((AND($O33<=Z$4,$P33>=Z$4)),"CO",IF((AND($Q33<=Z$4,$R33>=Z$4)),"C",0)))))) -> 0 | ... BF33: =IF((AND($F33<=BF$4,$G33>=BF$4)),"P/L",IF((AND($I33<=BF$4,$J33>=BF$4)),"XO",IF((AND($K33<=BF$4,$L33>=BF$4)),"3",IF((AND($M33<=BF$4,$N33>=BF$4)),"C",IF((AND($O33<=BF$4,$P33>=BF$4)),"CO",IF((AND($Q33<=BF$4,$R33>=BF$4)),"C",0)))))) -> CO | BG33: =IF((AND($F33<=Everett!BG$4,$G33>=Everett!BG$4)),"P/L",IF((AND($I33<=Everett!BG$4,$J33>=Everett!BG$4)),"XO",IF((AND($K33<=Everett!BG$4,$L33>=Everett!BG$4)),"3",IF((AND($M33<=Everett!BG$4,$N33>=Everett!BG$4)),"C",IF((AND($O33<=Everett!BG$4,$P33>=Everett!BG$4)),"CO",IF((AND($Q33<=Everett!BG$4,$R33>=Everett!BG$4)),"C",0)))))) -> CO | BH33: =IF((AND($F33<=Everett!BH$4,$G33>=Everett!BH$4)),"P/L",IF((AND($I33<=Everett!BH$4,$J33>=Everett!BH$4)),"XO",IF((AND($K33<=Everett!BH$4,$L33>=Everett!BH$4)),"3",IF((AND($M33<=Everett!BH$4,$N33>=Everett!BH$4)),"C",IF((AND($O33<=Everett!BH$4,$P33>=Everett!BH$4)),"CO",IF((AND($Q33<=Everett!BH$4,$R33>=Everett!BH$4)),"C",0)))))) -> CO | BI33: =IF((AND($F33<=Everett!BI$4,$G33>=Everett!BI$4)),"P/L",IF((AND($I33<=Everett!BI$4,$J33>=Everett!BI$4)),"XO",IF((AND($K33<=Everett!BI$4,$L33>=Everett!BI$4)),"3",IF((AND($M33<=Everett!BI$4,$N33>=Everett!BI$4)),"C",IF((AND($O33<=Everett!BI$4,$P33>=Everett!BI$4)),"CO",IF((AND($Q33<=Everett!BI$4,$R33>=Everett!BI$4)),"C",0)))))) -> CO | BJ33: =IF((AND($F33<=Everett!BJ$4,$G33>=Everett!BJ$4)),"P/L",IF((AND($I33<=Everett!BJ$4,$J33>=Everett!BJ$4)),"XO",IF((AND($K33<=Everett!BJ$4,$L33>=Everett!BJ$4)),"3",IF((AND($M33<=Everett!BJ$4,$N33>=Everett!BJ$4)),"C",IF((AND($O33<=Everett!BJ$4,$P33>=Everett!BJ$4)),"CO",IF((AND($Q33<=Everett!BJ$4,$R33>=Everett!BJ$4)),"C",0)))))) -> CO | BK33: =IF((AND($F33<=Everett!BK$4,$G33>=Everett!BK$4)),"P/L",IF((AND($I33<=Everett!BK$4,$J33>=Everett!BK$4)),"XO",IF((AND($K33<=Everett!BK$4,$L33>=Everett!BK$4)),"3",IF((AND($M33<=Everett!BK$4,$N33>=Everett!BK$4)),"C",IF((AND($O33<=Everett!BK$4,$P33>=Everett!BK$4)),"CO",IF((AND($Q33<=Everett!BK$4,$R33>=Everett!BK$4)),"C",0)))))) -> CO | BL33: =IF((AND($F33<=Everett!BL$4,$G33>=Everett!BL$4)),"P/L",IF((AND($I33<=Everett!BL$4,$J33>=Everett!BL$4)),"XO",IF((AND($K33<=Everett!BL$4,$L33>=Everett!BL$4)),"3",IF((AND($M33<=Everett!BL$4,$N33>=Everett!BL$4)),"C",IF((AND($O33<=Everett!BL$4,$P33>=Everett!BL$4)),"CO",IF((AND($Q33<=Everett!BL$4,$R33>=Everett!BL$4)),"C",0)))))) -> CO | BM33: =IF((AND($F33<=Everett!BM$4,$G33>=Everett!BM$4)),"P/L",IF((AND($I33<=Everett!BM$4,$J33>=Everett!BM$4)),"XO",IF((AND($K33<=Everett!BM$4,$L33>=Everett!BM$4)),"3",IF((AND($M33<=Everett!BM$4,$N33>=Everett!BM$4)),"C",IF((AND($O33<=Everett!BM$4,$P33>=Everett!BM$4)),"CO",IF((AND($Q33<=Everett!BM$4,$R33>=Everett!BM$4)),"C",0)))))) -> CO | BN33: =IF((AND($F33<=Everett!BN$4,$G33>=Everett!BN$4)),"P/L",IF((AND($I33<=Everett!BN$4,$J33>=Everett!BN$4)),"XO",IF((AND($K33<=Everett!BN$4,$L33>=Everett!BN$4)),"3",IF((AND($M33<=Everett!BN$4,$N33>=Everett!BN$4)),"C",IF((AND($O33<=Everett!BN$4,$P33>=Everett!BN$4)),"CO",IF((AND($Q33<=Everett!BN$4,$R33>=Everett!BN$4)),"C",0)))))) -> CO | ... CM33: =IF((AND($F33<=Everett!CM$4,$G33>=Everett!CM$4)),"P/L",IF((AND($I33<=Everett!CM$4,$J33>=Everett!CM$4)),"XO",IF((AND($K33<=Everett!CM$4,$L33>=Everett!CM$4)),"3",IF((AND($M33<=Everett!CM$4,$N33>=Everett!CM$4)),"C",IF((AND($O33<=Everett!CM$4,$P33>=Everett!CM$4)),"CO",IF((AND($Q33<=Everett!CM$4,$R33>=Everett!CM$4)),"C",0)))))) -> 0
A34: 27-3 | C34: 17 | D34: 16 | E34: 1 | I34: 47027 | J34: =IF(I34="",0,DATE(YEAR(I34),MONTH(I34)+C34,DAY(I34))) -> 47543 | K34: =IF(J34="","",(DATE(YEAR(J34),MONTH(J34)+1,DAY(J34)))) -> 47574 | L34: =IF(K34="","",(DATE(YEAR(K34),MONTH(K34)+E34,DAY(K34)))) -> 47604 | M34: =IF(O34="","",DATE(YEAR(O34), MONTH(O34)-1,DAY(O34))) -> 47635 | N34: =IF(O34="","",DATE(YEAR(M34),MONTH(M34),DAY(M34))) -> 47635 | O34: =IF(L34="","",(DATE(YEAR(L34),MONTH(L34)+2,DAY(L34)))) -> 47665 | P34: =IF(O34="","",(DATE(YEAR(O34),MONTH(O34)+D34,DAY(O34)))) -> 48153 | Q34: =IF(P34="","",DATE(YEAR(P34), MONTH(P34)+1,DAY(P34))) -> 48183 | R34: =IF(P34="","",DATE(YEAR(Q34),MONTH(Q34),DAY(Q34))) -> 48183 | S34: =IF((AND($F34<=S$4,$G34>=S$4)),"P/L",IF((AND($I34<=S$4,$J34>=S$4)),"XO",IF((AND($K34<=S$4,$L34>=S$4)),"3",IF((AND($M34<=S$4,$N34>=S$4)),"C",IF((AND($O34<=S$4,$P34>=S$4)),"CO",IF((AND($Q34<=S$4,$R34>=S$4)),"C",0)))))) -> 0 | T34: =IF((AND($F34<=T$4,$G34>=T$4)),"P/L",IF((AND($I34<=T$4,$J34>=T$4)),"XO",IF((AND($K34<=T$4,$L34>=T$4)),"3",IF((AND($M34<=T$4,$N34>=T$4)),"C",IF((AND($O34<=T$4,$P34>=T$4)),"CO",IF((AND($Q34<=T$4,$R34>=T$4)),"C",0)))))) -> 0 | U34: =IF((AND($F34<=U$4,$G34>=U$4)),"P/L",IF((AND($I34<=U$4,$J34>=U$4)),"XO",IF((AND($K34<=U$4,$L34>=U$4)),"3",IF((AND($M34<=U$4,$N34>=U$4)),"C",IF((AND($O34<=U$4,$P34>=U$4)),"CO",IF((AND($Q34<=U$4,$R34>=U$4)),"C",0)))))) -> 0 | V34: =IF((AND($F34<=V$4,$G34>=V$4)),"P/L",IF((AND($I34<=V$4,$J34>=V$4)),"XO",IF((AND($K34<=V$4,$L34>=V$4)),"3",IF((AND($M34<=V$4,$N34>=V$4)),"C",IF((AND($O34<=V$4,$P34>=V$4)),"CO",IF((AND($Q34<=V$4,$R34>=V$4)),"C",0)))))) -> 0 | W34: =IF((AND($F34<=W$4,$G34>=W$4)),"P/L",IF((AND($I34<=W$4,$J34>=W$4)),"XO",IF((AND($K34<=W$4,$L34>=W$4)),"3",IF((AND($M34<=W$4,$N34>=W$4)),"C",IF((AND($O34<=W$4,$P34>=W$4)),"CO",IF((AND($Q34<=W$4,$R34>=W$4)),"C",0)))))) -> 0 | X34: =IF((AND($F34<=X$4,$G34>=X$4)),"P/L",IF((AND($I34<=X$4,$J34>=X$4)),"XO",IF((AND($K34<=X$4,$L34>=X$4)),"3",IF((AND($M34<=X$4,$N34>=X$4)),"C",IF((AND($O34<=X$4,$P34>=X$4)),"CO",IF((AND($Q34<=X$4,$R34>=X$4)),"C",0)))))) -> 0 | Y34: =IF((AND($F34<=Y$4,$G34>=Y$4)),"P/L",IF((AND($I34<=Y$4,$J34>=Y$4)),"XO",IF((AND($K34<=Y$4,$L34>=Y$4)),"3",IF((AND($M34<=Y$4,$N34>=Y$4)),"C",IF((AND($O34<=Y$4,$P34>=Y$4)),"CO",IF((AND($Q34<=Y$4,$R34>=Y$4)),"C",0)))))) -> 0 | Z34: =IF((AND($F34<=Z$4,$G34>=Z$4)),"P/L",IF((AND($I34<=Z$4,$J34>=Z$4)),"XO",IF((AND($K34<=Z$4,$L34>=Z$4)),"3",IF((AND($M34<=Z$4,$N34>=Z$4)),"C",IF((AND($O34<=Z$4,$P34>=Z$4)),"CO",IF((AND($Q34<=Z$4,$R34>=Z$4)),"C",0)))))) -> 0 | ... BF34: =IF((AND($F34<=BF$4,$G34>=BF$4)),"P/L",IF((AND($I34<=BF$4,$J34>=BF$4)),"XO",IF((AND($K34<=BF$4,$L34>=BF$4)),"3",IF((AND($M34<=BF$4,$N34>=BF$4)),"C",IF((AND($O34<=BF$4,$P34>=BF$4)),"CO",IF((AND($Q34<=BF$4,$R34>=BF$4)),"C",0)))))) -> XO | BG34: =IF((AND($F34<=Everett!BG$4,$G34>=Everett!BG$4)),"P/L",IF((AND($I34<=Everett!BG$4,$J34>=Everett!BG$4)),"XO",IF((AND($K34<=Everett!BG$4,$L34>=Everett!BG$4)),"3",IF((AND($M34<=Everett!BG$4,$N34>=Everett!BG$4)),"C",IF((AND($O34<=Everett!BG$4,$P34>=Everett!BG$4)),"CO",IF((AND($Q34<=Everett!BG$4,$R34>=Everett!BG$4)),"C",0)))))) -> XO | BH34: =IF((AND($F34<=Everett!BH$4,$G34>=Everett!BH$4)),"P/L",IF((AND($I34<=Everett!BH$4,$J34>=Everett!BH$4)),"XO",IF((AND($K34<=Everett!BH$4,$L34>=Everett!BH$4)),"3",IF((AND($M34<=Everett!BH$4,$N34>=Everett!BH$4)),"C",IF((AND($O34<=Everett!BH$4,$P34>=Everett!BH$4)),"CO",IF((AND($Q34<=Everett!BH$4,$R34>=Everett!BH$4)),"C",0)))))) -> XO | BI34: =IF((AND($F34<=Everett!BI$4,$G34>=Everett!BI$4)),"P/L",IF((AND($I34<=Everett!BI$4,$J34>=Everett!BI$4)),"XO",IF((AND($K34<=Everett!BI$4,$L34>=Everett!BI$4)),"3",IF((AND($M34<=Everett!BI$4,$N34>=Everett!BI$4)),"C",IF((AND($O34<=Everett!BI$4,$P34>=Everett!BI$4)),"CO",IF((AND($Q34<=Everett!BI$4,$R34>=Everett!BI$4)),"C",0)))))) -> XO | BJ34: =IF((AND($F34<=Everett!BJ$4,$G34>=Everett!BJ$4)),"P/L",IF((AND($I34<=Everett!BJ$4,$J34>=Everett!BJ$4)),"XO",IF((AND($K34<=Everett!BJ$4,$L34>=Everett!BJ$4)),"3",IF((AND($M34<=Everett!BJ$4,$N34>=Everett!BJ$4)),"C",IF((AND($O34<=Everett!BJ$4,$P34>=Everett!BJ$4)),"CO",IF((AND($Q34<=Everett!BJ$4,$R34>=Everett!BJ$4)),"C",0)))))) -> XO | BK34: =IF((AND($F34<=Everett!BK$4,$G34>=Everett!BK$4)),"P/L",IF((AND($I34<=Everett!BK$4,$J34>=Everett!BK$4)),"XO",IF((AND($K34<=Everett!BK$4,$L34>=Everett!BK$4)),"3",IF((AND($M34<=Everett!BK$4,$N34>=Everett!BK$4)),"C",IF((AND($O34<=Everett!BK$4,$P34>=Everett!BK$4)),"CO",IF((AND($Q34<=Everett!BK$4,$R34>=Everett!BK$4)),"C",0)))))) -> XO | BL34: =IF((AND($F34<=Everett!BL$4,$G34>=Everett!BL$4)),"P/L",IF((AND($I34<=Everett!BL$4,$J34>=Everett!BL$4)),"XO",IF((AND($K34<=Everett!BL$4,$L34>=Everett!BL$4)),"3",IF((AND($M34<=Everett!BL$4,$N34>=Everett!BL$4)),"C",IF((AND($O34<=Everett!BL$4,$P34>=Everett!BL$4)),"CO",IF((AND($Q34<=Everett!BL$4,$R34>=Everett!BL$4)),"C",0)))))) -> XO | BM34: =IF((AND($F34<=Everett!BM$4,$G34>=Everett!BM$4)),"P/L",IF((AND($I34<=Everett!BM$4,$J34>=Everett!BM$4)),"XO",IF((AND($K34<=Everett!BM$4,$L34>=Everett!BM$4)),"3",IF((AND($M34<=Everett!BM$4,$N34>=Everett!BM$4)),"C",IF((AND($O34<=Everett!BM$4,$P34>=Everett!BM$4)),"CO",IF((AND($Q34<=Everett!BM$4,$R34>=Everett!BM$4)),"C",0)))))) -> XO | BN34: =IF((AND($F34<=Everett!BN$4,$G34>=Everett!BN$4)),"P/L",IF((AND($I34<=Everett!BN$4,$J34>=Everett!BN$4)),"XO",IF((AND($K34<=Everett!BN$4,$L34>=Everett!BN$4)),"3",IF((AND($M34<=Everett!BN$4,$N34>=Everett!BN$4)),"C",IF((AND($O34<=Everett!BN$4,$P34>=Everett!BN$4)),"CO",IF((AND($Q34<=Everett!BN$4,$R34>=Everett!BN$4)),"C",0)))))) -> XO | ... CM34: =IF((AND($F34<=Everett!CM$4,$G34>=Everett!CM$4)),"P/L",IF((AND($I34<=Everett!CM$4,$J34>=Everett!CM$4)),"XO",IF((AND($K34<=Everett!CM$4,$L34>=Everett!CM$4)),"3",IF((AND($M34<=Everett!CM$4,$N34>=Everett!CM$4)),"C",IF((AND($O34<=Everett!CM$4,$P34>=Everett!CM$4)),"CO",IF((AND($Q34<=Everett!CM$4,$R34>=Everett!CM$4)),"C",0)))))) -> 0
A35: SAMPSON (DDG 102) - 23161 | S35: =$A$2-DAY($A$2)+1 -> 46054 | T35: =DATE(YEAR(S35),MONTH(S35)+1,DAY(S35)) -> 46082 | U35: =DATE(YEAR(T35),MONTH(T35)+1,DAY(T35)) -> 46113 | V35: =DATE(YEAR(U35),MONTH(U35)+1,DAY(U35)) -> 46143 | W35: =DATE(YEAR(V35),MONTH(V35)+1,DAY(V35)) -> 46174 | X35: =DATE(YEAR(W35),MONTH(W35)+1,DAY(W35)) -> 46204 | Y35: =DATE(YEAR(X35),MONTH(X35)+1,DAY(X35)) -> 46235 | Z35: =DATE(YEAR(Y35),MONTH(Y35)+1,DAY(Y35)) -> 46266 | AA35: =DATE(YEAR(Z35),MONTH(Z35)+1,DAY(Z35)) -> 46296 | ... CM35: =DATE(YEAR(CL35),MONTH(CL35)+1,DAY(CL35)) -> 48245
A36: LONG CATHERINE SUSAN | B36: 4394550 | C36: 13 | D36: 19 | E36: 1 | H36: =G36-F36 -> 0 | I36: 45139 | J36: =IF(I36="",0,DATE(YEAR(I36),MONTH(I36)+C36,DAY(I36))) -> 45536 | K36: =IF(J36="","",(DATE(YEAR(J36),MONTH(J36)+1,DAY(J36)))) -> 45566 | L36: =IF(K36="","",(DATE(YEAR(K36),MONTH(K36)+E36,DAY(K36)))) -> 45597 | M36: =IF(O36="","",DATE(YEAR(O36), MONTH(O36)-1,DAY(O36))) -> 45627 | N36: =IF(O36="","",DATE(YEAR(M36),MONTH(M36),DAY(M36))) -> 45627 | O36: =IF(L36="","",(DATE(YEAR(L36),MONTH(L36)+2,DAY(L36)))) -> 45658 | P36: =IF(O36="","",(DATE(YEAR(O36),MONTH(O36)+D36,DAY(O36)))) -> 46235 | Q36: =IF(P36="","",DATE(YEAR(P36), MONTH(P36)+1,DAY(P36))) -> 46266 | R36: =IF(P36="","",DATE(YEAR(Q36),MONTH(Q36),DAY(Q36))) -> 46266 | S36: =IF((AND($F36<=S$4,$G36>=S$4)),"P/L",IF((AND($I36<=S$4,$J36>=S$4)),"XO",IF((AND($K36<=S$4,$L36>=S$4)),"3",IF((AND($M36<=S$4,$N36>=S$4)),"C",IF((AND($O36<=S$4,$P36>=S$4)),"CO",IF((AND($Q36<=S$4,$R36>=S$4)),"C",0)))))) -> CO | T36: =IF((AND($F36<=T$4,$G36>=T$4)),"P/L",IF((AND($I36<=T$4,$J36>=T$4)),"XO",IF((AND($K36<=T$4,$L36>=T$4)),"3",IF((AND($M36<=T$4,$N36>=T$4)),"C",IF((AND($O36<=T$4,$P36>=T$4)),"CO",IF((AND($Q36<=T$4,$R36>=T$4)),"C",0)))))) -> CO | U36: =IF((AND($F36<=U$4,$G36>=U$4)),"P/L",IF((AND($I36<=U$4,$J36>=U$4)),"XO",IF((AND($K36<=U$4,$L36>=U$4)),"3",IF((AND($M36<=U$4,$N36>=U$4)),"C",IF((AND($O36<=U$4,$P36>=U$4)),"CO",IF((AND($Q36<=U$4,$R36>=U$4)),"C",0)))))) -> CO | V36: =IF((AND($F36<=V$4,$G36>=V$4)),"P/L",IF((AND($I36<=V$4,$J36>=V$4)),"XO",IF((AND($K36<=V$4,$L36>=V$4)),"3",IF((AND($M36<=V$4,$N36>=V$4)),"C",IF((AND($O36<=V$4,$P36>=V$4)),"CO",IF((AND($Q36<=V$4,$R36>=V$4)),"C",0)))))) -> CO | W36: =IF((AND($F36<=W$4,$G36>=W$4)),"P/L",IF((AND($I36<=W$4,$J36>=W$4)),"XO",IF((AND($K36<=W$4,$L36>=W$4)),"3",IF((AND($M36<=W$4,$N36>=W$4)),"C",IF((AND($O36<=W$4,$P36>=W$4)),"CO",IF((AND($Q36<=W$4,$R36>=W$4)),"C",0)))))) -> CO | X36: =IF((AND($F36<=X$4,$G36>=X$4)),"P/L",IF((AND($I36<=X$4,$J36>=X$4)),"XO",IF((AND($K36<=X$4,$L36>=X$4)),"3",IF((AND($M36<=X$4,$N36>=X$4)),"C",IF((AND($O36<=X$4,$P36>=X$4)),"CO",IF((AND($Q36<=X$4,$R36>=X$4)),"C",0)))))) -> CO | Y36: =IF((AND($F36<=Y$4,$G36>=Y$4)),"P/L",IF((AND($I36<=Y$4,$J36>=Y$4)),"XO",IF((AND($K36<=Y$4,$L36>=Y$4)),"3",IF((AND($M36<=Y$4,$N36>=Y$4)),"C",IF((AND($O36<=Y$4,$P36>=Y$4)),"CO",IF((AND($Q36<=Y$4,$R36>=Y$4)),"C",0)))))) -> CO | Z36: =IF((AND($F36<=Z$4,$G36>=Z$4)),"P/L",IF((AND($I36<=Z$4,$J36>=Z$4)),"XO",IF((AND($K36<=Z$4,$L36>=Z$4)),"3",IF((AND($M36<=Z$4,$N36>=Z$4)),"C",IF((AND($O36<=Z$4,$P36>=Z$4)),"CO",IF((AND($Q36<=Z$4,$R36>=Z$4)),"C",0)))))) -> C | ... BF36: =IF((AND($F36<=BF$4,$G36>=BF$4)),"P/L",IF((AND($I36<=BF$4,$J36>=BF$4)),"XO",IF((AND($K36<=BF$4,$L36>=BF$4)),"3",IF((AND($M36<=BF$4,$N36>=BF$4)),"C",IF((AND($O36<=BF$4,$P36>=BF$4)),"CO",IF((AND($Q36<=BF$4,$R36>=BF$4)),"C",0)))))) -> 0 | BG36: =IF((AND($F36<=Everett!BG$4,$G36>=Everett!BG$4)),"P/L",IF((AND($I36<=Everett!BG$4,$J36>=Everett!BG$4)),"XO",IF((AND($K36<=Everett!BG$4,$L36>=Everett!BG$4)),"3",IF((AND($M36<=Everett!BG$4,$N36>=Everett!BG$4)),"C",IF((AND($O36<=Everett!BG$4,$P36>=Everett!BG$4)),"CO",IF((AND($Q36<=Everett!BG$4,$R36>=Everett!BG$4)),"C",0)))))) -> 0 | BH36: =IF((AND($F36<=Everett!BH$4,$G36>=Everett!BH$4)),"P/L",IF((AND($I36<=Everett!BH$4,$J36>=Everett!BH$4)),"XO",IF((AND($K36<=Everett!BH$4,$L36>=Everett!BH$4)),"3",IF((AND($M36<=Everett!BH$4,$N36>=Everett!BH$4)),"C",IF((AND($O36<=Everett!BH$4,$P36>=Everett!BH$4)),"CO",IF((AND($Q36<=Everett!BH$4,$R36>=Everett!BH$4)),"C",0)))))) -> 0 | BI36: =IF((AND($F36<=Everett!BI$4,$G36>=Everett!BI$4)),"P/L",IF((AND($I36<=Everett!BI$4,$J36>=Everett!BI$4)),"XO",IF((AND($K36<=Everett!BI$4,$L36>=Everett!BI$4)),"3",IF((AND($M36<=Everett!BI$4,$N36>=Everett!BI$4)),"C",IF((AND($O36<=Everett!BI$4,$P36>=Everett!BI$4)),"CO",IF((AND($Q36<=Everett!BI$4,$R36>=Everett!BI$4)),"C",0)))))) -> 0 | BJ36: =IF((AND($F36<=Everett!BJ$4,$G36>=Everett!BJ$4)),"P/L",IF((AND($I36<=Everett!BJ$4,$J36>=Everett!BJ$4)),"XO",IF((AND($K36<=Everett!BJ$4,$L36>=Everett!BJ$4)),"3",IF((AND($M36<=Everett!BJ$4,$N36>=Everett!BJ$4)),"C",IF((AND($O36<=Everett!BJ$4,$P36>=Everett!BJ$4)),"CO",IF((AND($Q36<=Everett!BJ$4,$R36>=Everett!BJ$4)),"C",0)))))) -> 0 | BK36: =IF((AND($F36<=Everett!BK$4,$G36>=Everett!BK$4)),"P/L",IF((AND($I36<=Everett!BK$4,$J36>=Everett!BK$4)),"XO",IF((AND($K36<=Everett!BK$4,$L36>=Everett!BK$4)),"3",IF((AND($M36<=Everett!BK$4,$N36>=Everett!BK$4)),"C",IF((AND($O36<=Everett!BK$4,$P36>=Everett!BK$4)),"CO",IF((AND($Q36<=Everett!BK$4,$R36>=Everett!BK$4)),"C",0)))))) -> 0 | BL36: =IF((AND($F36<=Everett!BL$4,$G36>=Everett!BL$4)),"P/L",IF((AND($I36<=Everett!BL$4,$J36>=Everett!BL$4)),"XO",IF((AND($K36<=Everett!BL$4,$L36>=Everett!BL$4)),"3",IF((AND($M36<=Everett!BL$4,$N36>=Everett!BL$4)),"C",IF((AND($O36<=Everett!BL$4,$P36>=Everett!BL$4)),"CO",IF((AND($Q36<=Everett!BL$4,$R36>=Everett!BL$4)),"C",0)))))) -> 0 | BM36: =IF((AND($F36<=Everett!BM$4,$G36>=Everett!BM$4)),"P/L",IF((AND($I36<=Everett!BM$4,$J36>=Everett!BM$4)),"XO",IF((AND($K36<=Everett!BM$4,$L36>=Everett!BM$4)),"3",IF((AND($M36<=Everett!BM$4,$N36>=Everett!BM$4)),"C",IF((AND($O36<=Everett!BM$4,$P36>=Everett!BM$4)),"CO",IF((AND($Q36<=Everett!BM$4,$R36>=Everett!BM$4)),"C",0)))))) -> 0 | BN36: =IF((AND($F36<=Everett!BN$4,$G36>=Everett!BN$4)),"P/L",IF((AND($I36<=Everett!BN$4,$J36>=Everett!BN$4)),"XO",IF((AND($K36<=Everett!BN$4,$L36>=Everett!BN$4)),"3",IF((AND($M36<=Everett!BN$4,$N36>=Everett!BN$4)),"C",IF((AND($O36<=Everett!BN$4,$P36>=Everett!BN$4)),"CO",IF((AND($Q36<=Everett!BN$4,$R36>=Everett!BN$4)),"C",0)))))) -> 0 | ... CM36: =IF((AND($F36<=Everett!CM$4,$G36>=Everett!CM$4)),"P/L",IF((AND($I36<=Everett!CM$4,$J36>=Everett!CM$4)),"XO",IF((AND($K36<=Everett!CM$4,$L36>=Everett!CM$4)),"3",IF((AND($M36<=Everett!CM$4,$N36>=Everett!CM$4)),"C",IF((AND($O36<=Everett!CM$4,$P36>=Everett!CM$4)),"CO",IF((AND($Q36<=Everett!CM$4,$R36>=Everett!CM$4)),"C",0)))))) -> 0
A37: KARLO BRIAN J (Direct Input) | C37: 34 | D37: 16 | E37: 1 | I37: 45139 | J37: =IF(I37="",0,DATE(YEAR(I37),MONTH(I37)+C37,DAY(I37))) -> 46174 | K37: =IF(J37="","",(DATE(YEAR(J37),MONTH(J37)+1,DAY(J37)))) -> 46204 | L37: =IF(K37="","",(DATE(YEAR(K37),MONTH(K37)+E37,DAY(K37)))) -> 46235 | M37: =IF(O37="","",DATE(YEAR(O37), MONTH(O37)-1,DAY(O37))) -> 46266 | N37: =IF(O37="","",DATE(YEAR(M37),MONTH(M37),DAY(M37))) -> 46266 | O37: =IF(L37="","",(DATE(YEAR(L37),MONTH(L37)+2,DAY(L37)))) -> 46296 | P37: =IF(O37="","",(DATE(YEAR(O37),MONTH(O37)+D37,DAY(O37)))) -> 46784 | Q37: =IF(P37="","",DATE(YEAR(P37), MONTH(P37)+1,DAY(P37))) -> 46813 | R37: =IF(P37="","",DATE(YEAR(Q37),MONTH(Q37),DAY(Q37))) -> 46813 | S37: =IF((AND($F37<=S$4,$G37>=S$4)),"P/L",IF((AND($I37<=S$4,$J37>=S$4)),"XO",IF((AND($K37<=S$4,$L37>=S$4)),"3",IF((AND($M37<=S$4,$N37>=S$4)),"C",IF((AND($O37<=S$4,$P37>=S$4)),"CO",IF((AND($Q37<=S$4,$R37>=S$4)),"C",0)))))) -> XO | T37: =IF((AND($F37<=T$4,$G37>=T$4)),"P/L",IF((AND($I37<=T$4,$J37>=T$4)),"XO",IF((AND($K37<=T$4,$L37>=T$4)),"3",IF((AND($M37<=T$4,$N37>=T$4)),"C",IF((AND($O37<=T$4,$P37>=T$4)),"CO",IF((AND($Q37<=T$4,$R37>=T$4)),"C",0)))))) -> XO | U37: =IF((AND($F37<=U$4,$G37>=U$4)),"P/L",IF((AND($I37<=U$4,$J37>=U$4)),"XO",IF((AND($K37<=U$4,$L37>=U$4)),"3",IF((AND($M37<=U$4,$N37>=U$4)),"C",IF((AND($O37<=U$4,$P37>=U$4)),"CO",IF((AND($Q37<=U$4,$R37>=U$4)),"C",0)))))) -> XO | V37: =IF((AND($F37<=V$4,$G37>=V$4)),"P/L",IF((AND($I37<=V$4,$J37>=V$4)),"XO",IF((AND($K37<=V$4,$L37>=V$4)),"3",IF((AND($M37<=V$4,$N37>=V$4)),"C",IF((AND($O37<=V$4,$P37>=V$4)),"CO",IF((AND($Q37<=V$4,$R37>=V$4)),"C",0)))))) -> XO | W37: =IF((AND($F37<=W$4,$G37>=W$4)),"P/L",IF((AND($I37<=W$4,$J37>=W$4)),"XO",IF((AND($K37<=W$4,$L37>=W$4)),"3",IF((AND($M37<=W$4,$N37>=W$4)),"C",IF((AND($O37<=W$4,$P37>=W$4)),"CO",IF((AND($Q37<=W$4,$R37>=W$4)),"C",0)))))) -> XO | X37: =IF((AND($F37<=X$4,$G37>=X$4)),"P/L",IF((AND($I37<=X$4,$J37>=X$4)),"XO",IF((AND($K37<=X$4,$L37>=X$4)),"3",IF((AND($M37<=X$4,$N37>=X$4)),"C",IF((AND($O37<=X$4,$P37>=X$4)),"CO",IF((AND($Q37<=X$4,$R37>=X$4)),"C",0)))))) -> 3 | Y37: =IF((AND($F37<=Y$4,$G37>=Y$4)),"P/L",IF((AND($I37<=Y$4,$J37>=Y$4)),"XO",IF((AND($K37<=Y$4,$L37>=Y$4)),"3",IF((AND($M37<=Y$4,$N37>=Y$4)),"C",IF((AND($O37<=Y$4,$P37>=Y$4)),"CO",IF((AND($Q37<=Y$4,$R37>=Y$4)),"C",0)))))) -> 3 | Z37: =IF((AND($F37<=Z$4,$G37>=Z$4)),"P/L",IF((AND($I37<=Z$4,$J37>=Z$4)),"XO",IF((AND($K37<=Z$4,$L37>=Z$4)),"3",IF((AND($M37<=Z$4,$N37>=Z$4)),"C",IF((AND($O37<=Z$4,$P37>=Z$4)),"CO",IF((AND($Q37<=Z$4,$R37>=Z$4)),"C",0)))))) -> C | ... BF37: =IF((AND($F37<=BF$4,$G37>=BF$4)),"P/L",IF((AND($I37<=BF$4,$J37>=BF$4)),"XO",IF((AND($K37<=BF$4,$L37>=BF$4)),"3",IF((AND($M37<=BF$4,$N37>=BF$4)),"C",IF((AND($O37<=BF$4,$P37>=BF$4)),"CO",IF((AND($Q37<=BF$4,$R37>=BF$4)),"C",0)))))) -> 0 | BG37: =IF((AND($F37<=Everett!BG$4,$G37>=Everett!BG$4)),"P/L",IF((AND($I37<=Everett!BG$4,$J37>=Everett!BG$4)),"XO",IF((AND($K37<=Everett!BG$4,$L37>=Everett!BG$4)),"3",IF((AND($M37<=Everett!BG$4,$N37>=Everett!BG$4)),"C",IF((AND($O37<=Everett!BG$4,$P37>=Everett!BG$4)),"CO",IF((AND($Q37<=Everett!BG$4,$R37>=Everett!BG$4)),"C",0)))))) -> 0 | BH37: =IF((AND($F37<=Everett!BH$4,$G37>=Everett!BH$4)),"P/L",IF((AND($I37<=Everett!BH$4,$J37>=Everett!BH$4)),"XO",IF((AND($K37<=Everett!BH$4,$L37>=Everett!BH$4)),"3",IF((AND($M37<=Everett!BH$4,$N37>=Everett!BH$4)),"C",IF((AND($O37<=Everett!BH$4,$P37>=Everett!BH$4)),"CO",IF((AND($Q37<=Everett!BH$4,$R37>=Everett!BH$4)),"C",0)))))) -> 0 | BI37: =IF((AND($F37<=Everett!BI$4,$G37>=Everett!BI$4)),"P/L",IF((AND($I37<=Everett!BI$4,$J37>=Everett!BI$4)),"XO",IF((AND($K37<=Everett!BI$4,$L37>=Everett!BI$4)),"3",IF((AND($M37<=Everett!BI$4,$N37>=Everett!BI$4)),"C",IF((AND($O37<=Everett!BI$4,$P37>=Everett!BI$4)),"CO",IF((AND($Q37<=Everett!BI$4,$R37>=Everett!BI$4)),"C",0)))))) -> 0 | BJ37: =IF((AND($F37<=Everett!BJ$4,$G37>=Everett!BJ$4)),"P/L",IF((AND($I37<=Everett!BJ$4,$J37>=Everett!BJ$4)),"XO",IF((AND($K37<=Everett!BJ$4,$L37>=Everett!BJ$4)),"3",IF((AND($M37<=Everett!BJ$4,$N37>=Everett!BJ$4)),"C",IF((AND($O37<=Everett!BJ$4,$P37>=Everett!BJ$4)),"CO",IF((AND($Q37<=Everett!BJ$4,$R37>=Everett!BJ$4)),"C",0)))))) -> 0 | BK37: =IF((AND($F37<=Everett!BK$4,$G37>=Everett!BK$4)),"P/L",IF((AND($I37<=Everett!BK$4,$J37>=Everett!BK$4)),"XO",IF((AND($K37<=Everett!BK$4,$L37>=Everett!BK$4)),"3",IF((AND($M37<=Everett!BK$4,$N37>=Everett!BK$4)),"C",IF((AND($O37<=Everett!BK$4,$P37>=Everett!BK$4)),"CO",IF((AND($Q37<=Everett!BK$4,$R37>=Everett!BK$4)),"C",0)))))) -> 0 | BL37: =IF((AND($F37<=Everett!BL$4,$G37>=Everett!BL$4)),"P/L",IF((AND($I37<=Everett!BL$4,$J37>=Everett!BL$4)),"XO",IF((AND($K37<=Everett!BL$4,$L37>=Everett!BL$4)),"3",IF((AND($M37<=Everett!BL$4,$N37>=Everett!BL$4)),"C",IF((AND($O37<=Everett!BL$4,$P37>=Everett!BL$4)),"CO",IF((AND($Q37<=Everett!BL$4,$R37>=Everett!BL$4)),"C",0)))))) -> 0 | BM37: =IF((AND($F37<=Everett!BM$4,$G37>=Everett!BM$4)),"P/L",IF((AND($I37<=Everett!BM$4,$J37>=Everett!BM$4)),"XO",IF((AND($K37<=Everett!BM$4,$L37>=Everett!BM$4)),"3",IF((AND($M37<=Everett!BM$4,$N37>=Everett!BM$4)),"C",IF((AND($O37<=Everett!BM$4,$P37>=Everett!BM$4)),"CO",IF((AND($Q37<=Everett!BM$4,$R37>=Everett!BM$4)),"C",0)))))) -> 0 | BN37: =IF((AND($F37<=Everett!BN$4,$G37>=Everett!BN$4)),"P/L",IF((AND($I37<=Everett!BN$4,$J37>=Everett!BN$4)),"XO",IF((AND($K37<=Everett!BN$4,$L37>=Everett!BN$4)),"3",IF((AND($M37<=Everett!BN$4,$N37>=Everett!BN$4)),"C",IF((AND($O37<=Everett!BN$4,$P37>=Everett!BN$4)),"CO",IF((AND($Q37<=Everett!BN$4,$R37>=Everett!BN$4)),"C",0)))))) -> 0 | ... CM37: =IF((AND($F37<=Everett!CM$4,$G37>=Everett!CM$4)),"P/L",IF((AND($I37<=Everett!CM$4,$J37>=Everett!CM$4)),"XO",IF((AND($K37<=Everett!CM$4,$L37>=Everett!CM$4)),"3",IF((AND($M37<=Everett!CM$4,$N37>=Everett!CM$4)),"C",IF((AND($O37<=Everett!CM$4,$P37>=Everett!CM$4)),"CO",IF((AND($Q37<=Everett!CM$4,$R37>=Everett!CM$4)),"C",0)))))) -> 0
A38: MORGAN ALEXIA LYNN | C38: 14 | D38: 16 | E38: 1 | H38: =G38-F38 -> 0 | I38: 45802 | J38: =IF(I38="",0,DATE(YEAR(I38),MONTH(I38)+C38,DAY(I38))) -> 46228 | K38: =IF(J38="","",(DATE(YEAR(J38),MONTH(J38)+1,DAY(J38)))) -> 46259 | L38: =IF(K38="","",(DATE(YEAR(K38),MONTH(K38)+E38,DAY(K38)))) -> 46290 | M38: =IF(O38="","",DATE(YEAR(O38), MONTH(O38)-1,DAY(O38))) -> 46320 | N38: =IF(O38="","",DATE(YEAR(M38),MONTH(M38),DAY(M38))) -> 46320 | O38: =IF(L38="","",(DATE(YEAR(L38),MONTH(L38)+2,DAY(L38)))) -> 46351 | P38: =IF(O38="","",(DATE(YEAR(O38),MONTH(O38)+D38,DAY(O38)))) -> 46837 | Q38: =IF(P38="","",DATE(YEAR(P38), MONTH(P38)+1,DAY(P38))) -> 46868 | R38: =IF(P38="","",DATE(YEAR(Q38),MONTH(Q38),DAY(Q38))) -> 46868 | S38: =IF((AND($F38<=S$4,$G38>=S$4)),"P/L",IF((AND($I38<=S$4,$J38>=S$4)),"XO",IF((AND($K38<=S$4,$L38>=S$4)),"3",IF((AND($M38<=S$4,$N38>=S$4)),"C",IF((AND($O38<=S$4,$P38>=S$4)),"CO",IF((AND($Q38<=S$4,$R38>=S$4)),"C",0)))))) -> XO | T38: =IF((AND($F38<=T$4,$G38>=T$4)),"P/L",IF((AND($I38<=T$4,$J38>=T$4)),"XO",IF((AND($K38<=T$4,$L38>=T$4)),"3",IF((AND($M38<=T$4,$N38>=T$4)),"C",IF((AND($O38<=T$4,$P38>=T$4)),"CO",IF((AND($Q38<=T$4,$R38>=T$4)),"C",0)))))) -> XO | U38: =IF((AND($F38<=U$4,$G38>=U$4)),"P/L",IF((AND($I38<=U$4,$J38>=U$4)),"XO",IF((AND($K38<=U$4,$L38>=U$4)),"3",IF((AND($M38<=U$4,$N38>=U$4)),"C",IF((AND($O38<=U$4,$P38>=U$4)),"CO",IF((AND($Q38<=U$4,$R38>=U$4)),"C",0)))))) -> XO | V38: =IF((AND($F38<=V$4,$G38>=V$4)),"P/L",IF((AND($I38<=V$4,$J38>=V$4)),"XO",IF((AND($K38<=V$4,$L38>=V$4)),"3",IF((AND($M38<=V$4,$N38>=V$4)),"C",IF((AND($O38<=V$4,$P38>=V$4)),"CO",IF((AND($Q38<=V$4,$R38>=V$4)),"C",0)))))) -> XO | W38: =IF((AND($F38<=W$4,$G38>=W$4)),"P/L",IF((AND($I38<=W$4,$J38>=W$4)),"XO",IF((AND($K38<=W$4,$L38>=W$4)),"3",IF((AND($M38<=W$4,$N38>=W$4)),"C",IF((AND($O38<=W$4,$P38>=W$4)),"CO",IF((AND($Q38<=W$4,$R38>=W$4)),"C",0)))))) -> XO | X38: =IF((AND($F38<=X$4,$G38>=X$4)),"P/L",IF((AND($I38<=X$4,$J38>=X$4)),"XO",IF((AND($K38<=X$4,$L38>=X$4)),"3",IF((AND($M38<=X$4,$N38>=X$4)),"C",IF((AND($O38<=X$4,$P38>=X$4)),"CO",IF((AND($Q38<=X$4,$R38>=X$4)),"C",0)))))) -> XO | Y38: =IF((AND($F38<=Y$4,$G38>=Y$4)),"P/L",IF((AND($I38<=Y$4,$J38>=Y$4)),"XO",IF((AND($K38<=Y$4,$L38>=Y$4)),"3",IF((AND($M38<=Y$4,$N38>=Y$4)),"C",IF((AND($O38<=Y$4,$P38>=Y$4)),"CO",IF((AND($Q38<=Y$4,$R38>=Y$4)),"C",0)))))) -> 0 | Z38: =IF((AND($F38<=Z$4,$G38>=Z$4)),"P/L",IF((AND($I38<=Z$4,$J38>=Z$4)),"XO",IF((AND($K38<=Z$4,$L38>=Z$4)),"3",IF((AND($M38<=Z$4,$N38>=Z$4)),"C",IF((AND($O38<=Z$4,$P38>=Z$4)),"CO",IF((AND($Q38<=Z$4,$R38>=Z$4)),"C",0)))))) -> 3 | ... BF38: =IF((AND($F38<=BF$4,$G38>=BF$4)),"P/L",IF((AND($I38<=BF$4,$J38>=BF$4)),"XO",IF((AND($K38<=BF$4,$L38>=BF$4)),"3",IF((AND($M38<=BF$4,$N38>=BF$4)),"C",IF((AND($O38<=BF$4,$P38>=BF$4)),"CO",IF((AND($Q38<=BF$4,$R38>=BF$4)),"C",0)))))) -> 0 | BG38: =IF((AND($F38<=Everett!BG$4,$G38>=Everett!BG$4)),"P/L",IF((AND($I38<=Everett!BG$4,$J38>=Everett!BG$4)),"XO",IF((AND($K38<=Everett!BG$4,$L38>=Everett!BG$4)),"3",IF((AND($M38<=Everett!BG$4,$N38>=Everett!BG$4)),"C",IF((AND($O38<=Everett!BG$4,$P38>=Everett!BG$4)),"CO",IF((AND($Q38<=Everett!BG$4,$R38>=Everett!BG$4)),"C",0)))))) -> 0 | BH38: =IF((AND($F38<=Everett!BH$4,$G38>=Everett!BH$4)),"P/L",IF((AND($I38<=Everett!BH$4,$J38>=Everett!BH$4)),"XO",IF((AND($K38<=Everett!BH$4,$L38>=Everett!BH$4)),"3",IF((AND($M38<=Everett!BH$4,$N38>=Everett!BH$4)),"C",IF((AND($O38<=Everett!BH$4,$P38>=Everett!BH$4)),"CO",IF((AND($Q38<=Everett!BH$4,$R38>=Everett!BH$4)),"C",0)))))) -> 0 | BI38: =IF((AND($F38<=Everett!BI$4,$G38>=Everett!BI$4)),"P/L",IF((AND($I38<=Everett!BI$4,$J38>=Everett!BI$4)),"XO",IF((AND($K38<=Everett!BI$4,$L38>=Everett!BI$4)),"3",IF((AND($M38<=Everett!BI$4,$N38>=Everett!BI$4)),"C",IF((AND($O38<=Everett!BI$4,$P38>=Everett!BI$4)),"CO",IF((AND($Q38<=Everett!BI$4,$R38>=Everett!BI$4)),"C",0)))))) -> 0 | BJ38: =IF((AND($F38<=Everett!BJ$4,$G38>=Everett!BJ$4)),"P/L",IF((AND($I38<=Everett!BJ$4,$J38>=Everett!BJ$4)),"XO",IF((AND($K38<=Everett!BJ$4,$L38>=Everett!BJ$4)),"3",IF((AND($M38<=Everett!BJ$4,$N38>=Everett!BJ$4)),"C",IF((AND($O38<=Everett!BJ$4,$P38>=Everett!BJ$4)),"CO",IF((AND($Q38<=Everett!BJ$4,$R38>=Everett!BJ$4)),"C",0)))))) -> 0 | BK38: =IF((AND($F38<=Everett!BK$4,$G38>=Everett!BK$4)),"P/L",IF((AND($I38<=Everett!BK$4,$J38>=Everett!BK$4)),"XO",IF((AND($K38<=Everett!BK$4,$L38>=Everett!BK$4)),"3",IF((AND($M38<=Everett!BK$4,$N38>=Everett!BK$4)),"C",IF((AND($O38<=Everett!BK$4,$P38>=Everett!BK$4)),"CO",IF((AND($Q38<=Everett!BK$4,$R38>=Everett!BK$4)),"C",0)))))) -> 0 | BL38: =IF((AND($F38<=Everett!BL$4,$G38>=Everett!BL$4)),"P/L",IF((AND($I38<=Everett!BL$4,$J38>=Everett!BL$4)),"XO",IF((AND($K38<=Everett!BL$4,$L38>=Everett!BL$4)),"3",IF((AND($M38<=Everett!BL$4,$N38>=Everett!BL$4)),"C",IF((AND($O38<=Everett!BL$4,$P38>=Everett!BL$4)),"CO",IF((AND($Q38<=Everett!BL$4,$R38>=Everett!BL$4)),"C",0)))))) -> 0 | BM38: =IF((AND($F38<=Everett!BM$4,$G38>=Everett!BM$4)),"P/L",IF((AND($I38<=Everett!BM$4,$J38>=Everett!BM$4)),"XO",IF((AND($K38<=Everett!BM$4,$L38>=Everett!BM$4)),"3",IF((AND($M38<=Everett!BM$4,$N38>=Everett!BM$4)),"C",IF((AND($O38<=Everett!BM$4,$P38>=Everett!BM$4)),"CO",IF((AND($Q38<=Everett!BM$4,$R38>=Everett!BM$4)),"C",0)))))) -> 0 | BN38: =IF((AND($F38<=Everett!BN$4,$G38>=Everett!BN$4)),"P/L",IF((AND($I38<=Everett!BN$4,$J38>=Everett!BN$4)),"XO",IF((AND($K38<=Everett!BN$4,$L38>=Everett!BN$4)),"3",IF((AND($M38<=Everett!BN$4,$N38>=Everett!BN$4)),"C",IF((AND($O38<=Everett!BN$4,$P38>=Everett!BN$4)),"CO",IF((AND($Q38<=Everett!BN$4,$R38>=Everett!BN$4)),"C",0)))))) -> 0 | ... CM38: =IF((AND($F38<=Everett!CM$4,$G38>=Everett!CM$4)),"P/L",IF((AND($I38<=Everett!CM$4,$J38>=Everett!CM$4)),"XO",IF((AND($K38<=Everett!CM$4,$L38>=Everett!CM$4)),"3",IF((AND($M38<=Everett!CM$4,$N38>=Everett!CM$4)),"C",IF((AND($O38<=Everett!CM$4,$P38>=Everett!CM$4)),"CO",IF((AND($Q38<=Everett!CM$4,$R38>=Everett!CM$4)),"C",0)))))) -> 0
